,id,title,type,age_certification,runtime,release_year,seasons,imdb_score,imdb_votes
81,tm147043,The Lorax,MOVIE,PG,25,1972,0.0,7.9,2932.0
95,tm1236,A Boy Named Charlie Brown,MOVIE,G,86,1969,0.0,7.3,5001.0
107,tm156894,"Snoopy, Come Home",MOVIE,G,81,1972,0.0,7.4,4665.0
115,tm11186,The Cat in the Hat,MOVIE,,25,1971,0.0,7.3,1921.0
120,tm189299,Dr. Seuss on the Loose,MOVIE,,25,1973,0.0,7.7,632.0
154,tm19438,The Princess Bride,MOVIE,PG,99,1987,0.0,8.0,420521.0
174,tm123377,The Breakfast Club,MOVIE,R,98,1985,0.0,7.8,385471.0
243,tm153016,Pretty Woman,MOVIE,R,119,1990,0.0,7.1,316085.0
261,tm44887,Akira,MOVIE,R,124,1988,0.0,8.0,181098.0
344,tm180542,Once Upon a Time in America,MOVIE,R,229,1984,0.0,8.3,342335.0
426,tm120571,Peggy Sue Got Married,MOVIE,PG-13,99,1986,0.0,6.4,37182.0
469,tm126876,St. Elmo's Fire,MOVIE,R,110,1985,0.0,6.3,41463.0
506,tm20951,Can't Buy Me Love,MOVIE,PG-13,94,1987,0.0,6.7,36852.0
550,tm20552,Roxanne,MOVIE,PG,107,1987,0.0,6.6,44752.0
638,tm140986,Look Who's Talking,MOVIE,PG-13,93,1989,0.0,5.9,82009.0
650,ts20738,Ranma ½,SHOW,TV-14,24,1989,7.0,8.2,1508.0
687,tm150087,Postcards From the Edge,MOVIE,R,101,1990,0.0,6.7,17436.0
702,tm19411,Blind Date,MOVIE,PG-13,95,1987,0.0,5.9,22521.0
725,tm116666,Tough Guys,MOVIE,PG,104,1986,0.0,6.2,7225.0
747,tm150530,Spaced Invaders,MOVIE,PG,100,1990,0.0,5.3,3619.0
779,tm131958,Three Fugitives,MOVIE,PG-13,96,1989,0.0,6.2,11774.0
817,tm51100,A Very Brady Christmas,MOVIE,,100,1988,0.0,5.8,1967.0
881,tm189861,Dazed and Confused,MOVIE,R,102,1993,0.0,7.6,179462.0
995,tm62326,Eyes Wide Shut,MOVIE,R,159,1999,0.0,7.5,329940.0
1041,tm191327,Demolition Man,MOVIE,R,115,1993,0.0,6.7,172362.0
1132,tm8726,Billy Madison,MOVIE,PG-13,90,1995,0.0,6.3,141905.0
1194,tm130465,White Men Can't Jump,MOVIE,R,115,1992,0.0,6.8,84776.0
1290,tm192099,L.A. Confidential,MOVIE,R,138,1997,0.0,8.3,570894.0
1355,tm192037,Starship Troopers,MOVIE,R,129,1997,0.0,7.3,288960.0
1436,tm49114,The Insider,MOVIE,R,157,1999,0.0,7.8,168179.0
1463,tm20441,"Dude, Where's My Car?",MOVIE,PG-13,83,2000,0.0,5.5,139065.0
1510,tm15925,Sense and Sensibility,MOVIE,PG,136,1995,0.0,7.7,113535.0
1553,tm49829,Pleasantville,MOVIE,PG-13,124,1998,0.0,7.5,127913.0
1628,tm192469,My Best Friend's Wedding,MOVIE,PG-13,105,1997,0.0,6.3,140200.0
1680,tm63325,8MM,MOVIE,R,123,1999,0.0,6.5,131975.0
1702,tm61517,Practical Magic,MOVIE,PG-13,104,1998,0.0,6.2,80376.0
1720,ts28078,Yu Yu Hakusho,SHOW,TV-14,23,1992,5.0,8.4,13046.0
1769,tm191772,Seven Years in Tibet,MOVIE,PG-13,136,1997,0.0,7.1,141308.0
1843,tm25239,"Me, Myself & Irene",MOVIE,R,112,2000,0.0,6.6,234766.0
1900,tm190658,As Good as It Gets,MOVIE,PG-13,139,1997,0.0,7.7,294505.0
1928,ts21034,InuYasha,SHOW,TV-14,25,2000,9.0,7.9,15823.0
1981,tm111688,Guarding Tess,MOVIE,PG-13,98,1994,0.0,6.2,17401.0
2023,tm49178,Vampires,MOVIE,R,108,1998,0.0,6.1,58026.0
2043,ts28998,Mobile Suit Gundam Wing,SHOW,TV-MA,24,1995,1.0,8.0,4498.0
2058,tm191953,The Edge,MOVIE,R,117,1997,0.0,6.9,72945.0
2076,tm124365,Single White Female,MOVIE,R,107,1992,0.0,6.4,36596.0
2124,tm49343,The Negotiator,MOVIE,R,140,1998,0.0,7.3,140567.0
2201,tm115798,Wolf,MOVIE,R,125,1994,0.0,6.2,56071.0
2241,tm16365,Casper,MOVIE,PG,100,1995,0.0,6.1,131636.0
2267,tm191331,Conspiracy Theory,MOVIE,R,130,1997,0.0,6.7,99704.0
2295,tm54529,Stuart Little,MOVIE,PG,84,1999,0.0,6.0,133037.0
2365,tm16522,Copycat,MOVIE,R,124,1995,0.0,6.6,58716.0
2426,tm189032,Hot Shots! Part Deux,MOVIE,PG-13,86,1993,0.0,6.6,89898.0
2452,tm58856,Antz,MOVIE,PG,80,1998,0.0,6.6,153493.0
2478,tm188787,Ninja Scroll,MOVIE,R,94,1993,0.0,7.8,36978.0
2486,tm104131,Fly Away Home,MOVIE,PG,107,1996,0.0,6.9,25370.0
2505,tm17221,Center Stage,MOVIE,PG-13,115,2000,0.0,6.6,21509.0
2557,tm37642,Blue Streak,MOVIE,PG-13,93,1999,0.0,6.3,82067.0
2634,tm65812,The Siege,MOVIE,R,116,1998,0.0,6.3,72709.0
2643,ts25497,Outlaw Star,SHOW,TV-14,25,1998,1.0,7.9,3693.0
2666,tm114038,In the Army Now,MOVIE,PG,91,1994,0.0,4.9,13705.0
2707,tm118344,The Flintstones,MOVIE,PG,91,1994,0.0,4.9,80718.0
2727,tm47657,Deuce Bigalow: Male Gigolo,MOVIE,R,88,1999,0.0,5.7,74658.0
2741,tm189589,The Program,MOVIE,R,113,1993,0.0,6.4,10564.0
2754,ts4242,Dragon Ball GT,SHOW,TV-PG,24,1996,4.0,6.8,26274.0
2772,tm183610,Striking Distance,MOVIE,R,101,1993,0.0,5.8,42306.0
2796,tm27967,Vertical Limit,MOVIE,PG-13,126,2000,0.0,5.9,61413.0
2875,tm12865,Boys on the Side,MOVIE,R,115,1995,0.0,6.4,12990.0
2944,tm58151,Dangerous Beauty,MOVIE,R,111,1998,0.0,7.1,17556.0
2968,tm190891,Nowhere to Run,MOVIE,R,94,1993,0.0,5.6,23919.0
2991,ts19785,David Copperfield,SHOW,TV-PG,69,1999,1.0,7.7,4548.0
3079,tm124703,The Power of One,MOVIE,PG-13,127,1992,0.0,7.1,9946.0
3091,tm125752,Mo' Money,MOVIE,R,90,1992,0.0,5.5,7614.0
3119,tm59835,Madeline,MOVIE,PG,89,1998,0.0,5.9,7446.0
3155,tm187747,Made in America,MOVIE,PG-13,111,1993,0.0,5.0,16742.0
3184,tm48310,Universal Soldier: The Return,MOVIE,R,82,1999,0.0,4.1,29247.0
3275,tm49012,"Sabrina, Down Under",MOVIE,G,87,1999,0.0,5.7,180.0
3300,tm125151,Saved by the Bell: Hawaiian Style,MOVIE,,100,1992,0.0,6.0,2899.0
3312,tm119554,Saved by the Bell: Wedding in Las Vegas,MOVIE,,90,1994,0.0,6.2,3270.0
3335,tm11007,Tiny Toons Night Ghoulery,MOVIE,,45,1995,0.0,7.3,428.0
3355,tm109329,Tiny Toons Spring Break Special,MOVIE,,45,1994,0.0,7.3,457.0
3374,tm60877,IMAX: Galapagos 3D,MOVIE,,40,1999,0.0,7.7,25.0
3380,tm56367,T-Rex: Back to the Cretaceous,MOVIE,,45,1998,0.0,4.7,761.0
3479,tm136288,Memories of Murder,MOVIE,,131,2003,0.0,8.1,172469.0
3531,tm141672,Drag Me to Hell,MOVIE,PG-13,99,2009,0.0,6.6,199511.0
3609,tm90485,Despicable Me,MOVIE,PG,95,2010,0.0,7.6,532859.0
3665,tm66720,Hot Fuzz,MOVIE,R,121,2007,0.0,7.8,495408.0
3711,tm33545,Forgetting Sarah Marshall,MOVIE,R,111,2008,0.0,7.1,280121.0
3955,tm102740,The Other Guys,MOVIE,,107,2010,0.0,6.6,263019.0
4002,tm85291,DodgeBall: A True Underdog Story,MOVIE,PG-13,92,2004,0.0,6.7,244328.0
4039,tm29815,Taken,MOVIE,PG-13,93,2008,0.0,7.8,593358.0
4060,ts34188,Project Runway,SHOW,TV-PG,56,2004,19.0,7.4,10950.0
4132,tm26292,Little Miss Sunshine,MOVIE,R,102,2006,0.0,7.8,469657.0
4159,tm176784,The Hitchhiker's Guide to the Galaxy,MOVIE,PG,109,2005,0.0,6.7,196326.0
4290,tm145677,Watchmen,MOVIE,R,163,2009,0.0,7.6,540891.0
4397,tm100061,Black Swan,MOVIE,R,108,2010,0.0,8.0,745933.0
4482,tm85024,Walk Hard: The Dewey Cox Story,MOVIE,R,96,2007,0.0,6.8,72095.0
4570,tm89991,Sideways,MOVIE,R,127,2004,0.0,7.5,189178.0
4617,tm46003,A Beautiful Mind,MOVIE,PG-13,135,2001,0.0,8.2,909359.0
4660,tm156145,Knowing,MOVIE,PG-13,121,2009,0.0,6.2,231965.0
4712,ts20305,Naruto,SHOW,TV-PG,23,2002,6.0,8.4,93980.0
4782,tm97441,Easy A,MOVIE,PG-13,93,2010,0.0,7.0,383849.0
4863,tm133767,Love Actually,MOVIE,R,139,2003,0.0,7.6,474176.0
4917,tm28557,Crank,MOVIE,R,88,2006,0.0,6.9,246596.0
4949,tm78084,Juno,MOVIE,PG-13,96,2007,0.0,7.5,514142.0
4977,tm134019,Brothers,MOVIE,R,104,2009,0.0,7.1,121311.0
5024,tm36266,Marie Antoinette,MOVIE,PG-13,123,2006,0.0,6.5,109528.0
5047,tm109300,Resident Evil,MOVIE,R,100,2002,0.0,6.6,265366.0
5211,tm136858,Runaway Jury,MOVIE,PG-13,127,2003,0.0,7.1,96613.0
5235,tm32075,Let the Right One In,MOVIE,R,114,2008,0.0,7.9,214377.0
5281,tm115688,Scooby-Doo,MOVIE,PG,86,2002,0.0,5.2,110049.0
5346,tm94303,Crash,MOVIE,,112,2005,0.0,7.8,433096.0
5405,ts31799,Samurai Champloo,SHOW,TV-MA,23,2004,1.0,8.6,46720.0
5447,tm102443,Unstoppable,MOVIE,PG-13,98,2010,0.0,6.8,195197.0
5465,tm181571,Zathura: A Space Adventure,MOVIE,PG,101,2005,0.0,6.2,102445.0
5542,tm103299,Get Him to the Greek,MOVIE,R,109,2010,0.0,6.3,177089.0
5596,tm176763,Hitch,MOVIE,PG-13,115,2005,0.0,6.6,313342.0
5632,tm165656,Fever Pitch,MOVIE,PG-13,99,2005,0.0,6.2,44967.0
5716,tm146445,The Imaginarium of Doctor Parnassus,MOVIE,PG-13,123,2009,0.0,6.8,148542.0
5746,tm105227,Mr. Deeds,MOVIE,PG-13,96,2002,0.0,5.8,143007.0
5776,tm92692,Predators,MOVIE,R,108,2010,0.0,6.4,222942.0
5810,tm77966,Charlie Wilson's War,MOVIE,R,102,2007,0.0,7.0,117222.0
5851,tm103239,Black Death,MOVIE,R,102,2010,0.0,6.4,47682.0
5883,ts21208,Sense and Sensibility,SHOW,TV-PG,58,2008,1.0,8.0,11787.0
5962,tm65847,Superhero Movie,MOVIE,PG-13,75,2008,0.0,4.6,68107.0
5988,tm26708,"Definitely, Maybe",MOVIE,PG-13,112,2008,0.0,7.1,164367.0
6049,ts20513,Fairy Tail,SHOW,TV-14,24,2009,9.0,8.0,23932.0
6145,tm92075,The A-Team,MOVIE,PG-13,119,2010,0.0,6.7,256854.0
6252,tm72269,We Own the Night,MOVIE,R,117,2007,0.0,6.8,88363.0
6345,tm35655,The Mummy: Tomb of the Dragon Emperor,MOVIE,PG-13,116,2008,0.0,5.2,157718.0
6381,tm37117,The Bank Job,MOVIE,R,112,2008,0.0,7.2,180171.0
6383,ts24087,Horrible Histories,SHOW,TV-G,28,2009,9.0,8.8,4965.0
6401,tm71281,Death at a Funeral,MOVIE,R,90,2007,0.0,7.3,115050.0
6424,tm90927,The Wolfman,MOVIE,R,102,2010,0.0,5.8,106132.0
6486,tm93556,All Good Things,MOVIE,R,101,2010,0.0,6.3,55797.0
6543,tm148379,The Cat in the Hat,MOVIE,PG,81,2003,0.0,4.0,81971.0
6642,tm94422,Resident Evil: Apocalypse,MOVIE,R,94,2004,0.0,6.1,196625.0
6686,tm35802,Notes on a Scandal,MOVIE,R,92,2006,0.0,7.4,78084.0
6767,tm96208,Resident Evil: Afterlife,MOVIE,R,97,2010,0.0,5.8,169756.0
6795,tm53456,Ghosts of Mars,MOVIE,R,98,2001,0.0,4.9,54311.0
6892,tm171198,Land of the Dead,MOVIE,R,93,2005,0.0,6.2,95996.0
6908,tm146871,Ong Bak: Muay Thai Warrior,MOVIE,R,105,2003,0.0,7.1,74194.0
6946,tm98366,The Runaways,MOVIE,R,105,2010,0.0,6.5,48703.0
6966,tm102403,The Karate Kid,MOVIE,PG,140,2010,0.0,6.2,178653.0
6995,tm150554,The Young Victoria,MOVIE,PG,105,2009,0.0,7.2,61411.0
7010,ts3805,Afro Samurai,SHOW,TV-MA,25,2007,1.0,7.6,16393.0
7068,tm160314,Stay,MOVIE,R,99,2005,0.0,6.7,78889.0
7153,tm177068,Fun with Dick and Jane,MOVIE,PG-13,90,2005,0.0,6.1,143998.0
7181,tm69069,Evan Almighty,MOVIE,PG,96,2007,0.0,5.4,146215.0
7243,tm79664,Resident Evil: Extinction,MOVIE,R,94,2007,0.0,6.2,193103.0
7257,tm79354,Saving Face,MOVIE,R,97,2004,0.0,5.6,17.0
7336,tm78713,The Polar Express,MOVIE,G,99,2004,0.0,6.6,201620.0
7385,tm89515,Scooby-Doo 2: Monsters Unleashed,MOVIE,PG,93,2004,0.0,5.1,56070.0
7443,tm170505,The Dukes of Hazzard,MOVIE,PG-13,104,2005,0.0,5.1,78453.0
7461,tm185635,The Legend of Zorro,MOVIE,PG,131,2005,0.0,5.9,100856.0
7485,ts19528,Ergo Proxy,SHOW,TV-MA,27,2006,1.0,7.9,13942.0
7539,tm38852,Horton Hears a Who!,MOVIE,G,86,2008,0.0,6.8,138363.0
7553,tm42562,Cocaine Cowboys,MOVIE,R,118,2006,0.0,7.8,13329.0
7625,tm95186,The Bounty Hunter,MOVIE,PG-13,110,2010,0.0,5.5,126614.0
7645,ts34370,Higurashi: When They Cry,SHOW,TV-MA,14,2006,3.0,5.3,26.0
7688,tm129245,Gigli,MOVIE,R,117,2003,0.0,2.6,48767.0
7705,ts21688,Boys Over Flowers,SHOW,TV-14,64,2009,1.0,7.9,11579.0
7782,tm145000,I Love You Phillip Morris,MOVIE,R,98,2009,0.0,6.6,95235.0
7799,ts21676,Hellsing,SHOW,TV-MA,23,2001,1.0,7.8,16069.0
7826,tm152842,Dorian Gray,MOVIE,R,112,2009,0.0,6.2,64111.0
7869,tm93715,Cyrus,MOVIE,R,91,2010,0.0,6.3,35164.0
7959,tm93752,Green Zone,MOVIE,R,115,2010,0.0,6.8,136429.0
7977,tm48061,The Tailor of Panama,MOVIE,R,109,2001,0.0,6.1,29384.0
8001,tm78780,I Know Who Killed Me,MOVIE,R,105,2007,0.0,3.6,29557.0
8078,tm132766,Bringing Down the House,MOVIE,PG-13,105,2003,0.0,5.6,36946.0
8121,tm152562,The International,MOVIE,R,118,2009,0.0,6.5,95160.0
8147,tm47449,A Raisin in the Sun,MOVIE,PG-13,131,2008,0.0,6.6,1983.0
8157,tm143803,Serious Moonlight,MOVIE,R,84,2009,0.0,5.3,8369.0
8206,tm22870,Just My Luck,MOVIE,PG-13,103,2006,0.0,5.4,56713.0
8231,tm85440,District B13,MOVIE,R,84,2004,0.0,7.1,69692.0
8244,tm134322,Radio,MOVIE,PG,109,2003,0.0,6.9,40378.0
8286,tm103078,Ramona and Beezus,MOVIE,G,103,2010,0.0,6.5,18519.0
8328,tm31400,My Super Ex-Girlfriend,MOVIE,PG-13,95,2006,0.0,5.2,64130.0
8339,ts27099,Guyver: The Bioboosted Armor,SHOW,,24,2005,1.0,7.8,750.0
8390,tm56288,Kissing Jessica Stein,MOVIE,R,97,2002,0.0,6.6,16668.0
8405,tm34267,Ong Bak 2,MOVIE,R,98,2008,0.0,6.2,30615.0
8414,ts16814,.hack,SHOW,TV-14,24,2002,3.0,6.8,1301.0
8424,ts25656,The Marvelous Misadventures of Flapjack,SHOW,TV-Y7,17,2008,3.0,7.8,13688.0
8445,tm135780,Planet 51,MOVIE,PG,91,2009,0.0,6.0,54690.0
8465,ts20308,Full Metal Panic!,SHOW,TV-14,24,2002,4.0,7.6,5476.0
8500,tm137484,Astro Boy,MOVIE,PG,94,2009,0.0,6.3,36400.0
8534,tm103212,Rare Exports: A Christmas Tale,MOVIE,R,83,2010,0.0,6.6,28802.0
8550,tm103868,Trapped,MOVIE,R,106,2002,0.0,6.1,23937.0
8637,tm161623,Guess Who,MOVIE,PG-13,105,2005,0.0,5.9,42540.0
8645,ts20544,Ouran High School Host Club,SHOW,TV-14,23,2006,1.0,8.2,9763.0
8687,ts59417,Desert Punk,SHOW,TV-MA,24,2004,1.0,7.2,1329.0
8717,ts30288,Mobile Suit Gundam Unicorn,SHOW,TV-14,35,2010,2.0,7.8,1291.0
8760,tm114476,Stuart Little 2,MOVIE,G,78,2002,0.0,5.5,53746.0
8777,ts29076,REBORN!,SHOW,TV-14,23,2006,9.0,7.7,1478.0
8789,ts43942,Samurai 7,SHOW,TV-PG,27,2004,1.0,7.6,4086.0
8795,ts959,Basilisk,SHOW,TV-MA,24,2005,2.0,7.8,3955.0
8816,tm103707,Main Street,MOVIE,PG,92,2010,0.0,4.7,2851.0
8881,tm76868,Fred Claus,MOVIE,PG,111,2007,0.0,5.6,43723.0
8940,tm138525,Intermission,MOVIE,R,105,2003,0.0,6.8,15809.0
8945,ts29475,xxxHOLiC,SHOW,TV-PG,25,2006,2.0,7.6,1844.0
8971,tm138484,Armored,MOVIE,PG-13,88,2009,0.0,5.7,30713.0
8985,ts9527,Eden of the East,SHOW,TV-MA,22,2009,1.0,7.5,3703.0
8995,ts17714,Devil May Cry,SHOW,TV-14,24,2007,1.0,7.0,5088.0
9035,tm174369,Factotum,MOVIE,R,94,2005,0.0,6.6,14457.0
9042,tm102396,Trigun: Badlands Rumble,MOVIE,PG-13,90,2010,0.0,7.4,5317.0
9065,ts29465,Witchblade,SHOW,TV-MA,24,2006,1.0,7.0,1434.0
9142,tm105030,Ong Bak 3,MOVIE,R,95,2010,0.0,4.9,13800.0
9166,tm145906,Afro Samurai: Resurrection,MOVIE,,101,2009,0.0,7.1,8835.0
9219,tm118330,The Banger Sisters,MOVIE,R,98,2002,0.0,5.6,16620.0
9259,tm43286,Manic,MOVIE,R,100,2001,0.0,6.2,5.0
9341,ts26043,ItaKiss,SHOW,TV-14,25,2008,1.0,7.3,1584.0
9403,ts22452,Baka and Test: Summon the Beasts,SHOW,TV-14,25,2010,2.0,7.2,1324.0
9512,ts27220,Gun x Sword,SHOW,TV-14,24,2005,1.0,7.2,540.0
9534,ts7222,Dragonaut: The Resonance,SHOW,TV-14,25,2007,1.0,6.1,116.0
9594,ts29087,The Wallflower,SHOW,TV-14,23,2006,1.0,7.3,1053.0
9603,tm146462,Curious George: A Very Monkey Christmas,MOVIE,G,58,2009,0.0,6.3,527.0
9609,ts453,Black Blood Brothers,SHOW,TV-MA,24,2006,1.0,6.9,1209.0
9627,ts27189,Junjou Romantica,SHOW,TV-MA,26,2008,3.0,7.7,1649.0
9670,tm29785,Freedomland,MOVIE,R,113,2006,0.0,5.1,16278.0
9717,tm109588,Space Station 3D,MOVIE,,47,2002,0.0,7.4,1681.0
9747,tm68041,The Perfect Holiday,MOVIE,PG,96,2007,0.0,4.6,3114.0
9756,tm89528,The Seat Filler,MOVIE,PG-13,90,2004,0.0,5.3,749.0
9822,ts56437,Full Metal Panic? Fumoffu,SHOW,TV-14,24,2003,2.0,7.7,5431.0
9919,ts12668,Aurora,SHOW,,42,2010,2.0,7.1,201.0
9936,tm78730,Ben 10: Secret of the Omnitrix,MOVIE,PG,71,2007,0.0,7.2,2655.0
9976,tm174183,American Gun,MOVIE,R,95,2005,0.0,6.1,3117.0
10049,ts23774,Tears to Tiara,SHOW,TV-14,24,2009,1.0,6.4,186.0
10090,tm82995,Woman Thou Art Loosed,MOVIE,R,94,2004,0.0,6.6,952.0
10121,ts761,Elena's Ghost,SHOW,,44,2010,1.0,7.1,124.0
10131,tm29436,All Inclusive,MOVIE,,92,2008,0.0,5.8,352.0
10148,tm68563,Feel The Noise,MOVIE,PG-13,86,2007,0.0,2.9,4752.0
10154,tm54959,China: The Panda Adventure,MOVIE,G,48,2001,0.0,5.8,213.0
10167,tm75153,The Secret of the Nutcracker,MOVIE,G,87,2007,0.0,5.0,163.0
10184,tm171801,Moneyball,MOVIE,PG-13,134,2011,0.0,7.6,409674.0
10226,tm170442,Margin Call,MOVIE,R,107,2011,0.0,7.1,125883.0
10264,tm50018,Looper,MOVIE,R,119,2012,0.0,7.4,566791.0
10315,ts32835,Hunter x Hunter,SHOW,TV-14,23,2011,3.0,9.0,87857.0
10538,tm29578,Rock of Ages,MOVIE,R,123,2012,0.0,5.9,77047.0
10602,tm156908,The Adjustment Bureau,MOVIE,PG-13,106,2011,0.0,7.0,254535.0
10646,tm32701,Compliance,MOVIE,R,90,2012,0.0,6.4,33977.0
10702,tm37153,Killing Them Softly,MOVIE,R,104,2012,0.0,6.2,141289.0
10736,tm167897,Hanna,MOVIE,PG-13,111,2011,0.0,6.8,197577.0
10792,tm176113,Rio,MOVIE,G,96,2011,0.0,6.9,222983.0
10817,tm31116,The Act of Killing,MOVIE,,159,2012,0.0,8.2,37673.0
10872,tm170071,The Big Year,MOVIE,PG,100,2011,0.0,6.2,44753.0
10922,tm173571,Another Earth,MOVIE,PG-13,92,2011,0.0,6.9,95011.0
10944,ts28010,High School DxD,SHOW,TV-MA,25,2012,4.0,7.6,9505.0
11001,tm172381,Battle: Los Angeles,MOVIE,PG-13,116,2011,0.0,5.7,179314.0
11020,tm57991,The Vow,MOVIE,PG-13,104,2012,0.0,6.8,192337.0
11065,tm172667,Fright Night,MOVIE,R,106,2011,0.0,6.4,104968.0
11104,tm70659,That's My Boy,MOVIE,R,116,2012,0.0,5.5,98790.0
11152,tm48817,The Five-Year Engagement,MOVIE,R,124,2012,0.0,6.2,98290.0
11210,tm167853,Water for Elephants,MOVIE,PG-13,122,2011,0.0,6.9,115642.0
11231,ts22232,The Future Diary,SHOW,TV-MA,25,2011,1.0,7.6,16767.0
11262,tm39771,Resident Evil: Retribution,MOVIE,R,95,2012,0.0,5.3,140013.0
11307,tm34969,Gone,MOVIE,PG-13,94,2012,0.0,5.9,43957.0
11325,tm173814,Mr. Popper's Penguins,MOVIE,PG,94,2011,0.0,6.0,95151.0
11336,tm57032,Take This Waltz,MOVIE,R,116,2011,0.0,6.5,28414.0
11370,tm35437,The Collection,MOVIE,R,82,2012,0.0,6.1,49159.0
11417,tm166385,Zookeeper,MOVIE,PG,102,2011,0.0,5.2,60815.0
11443,tm41891,Premium Rush,MOVIE,PG-13,91,2012,0.0,6.5,113193.0
11486,ts35428,The Secret of Crickley Hall,SHOW,TV-14,58,2012,1.0,6.8,3028.0
11561,tm65465,Sightseers,MOVIE,,88,2012,0.0,6.5,28363.0
11594,tm177129,Dirty Movie,MOVIE,R,91,2011,0.0,3.1,3327.0
11605,ts18066,Blood-C,SHOW,TV-MA,24,2011,1.0,6.2,1538.0
11631,ts35525,Kamisama Kiss,SHOW,TV-PG,24,2012,2.0,8.1,3717.0
11744,tm29378,The Three Stooges,MOVIE,PG,92,2012,0.0,5.1,31522.0
11785,tm70754,People Like Us,MOVIE,PG-13,114,2012,0.0,7.0,42922.0
11805,tm182861,Glee: The Concert Movie,MOVIE,PG,84,2011,0.0,5.5,5829.0
11854,tm174683,Arthur Christmas,MOVIE,PG,97,2011,0.0,7.1,58296.0
11862,ts27027,Jormungand,SHOW,TV-MA,24,2012,2.0,7.5,1190.0
11901,tm39313,A Perfect Ending,MOVIE,,110,2012,0.0,5.7,4308.0
11922,tm31689,The Angels' Share,MOVIE,R,101,2012,0.0,7.0,25302.0
11973,ts33646,Infinite Stratos,SHOW,TV-14,26,2011,2.0,6.6,1841.0
11998,ts11600,The Fades,SHOW,TV-14,59,2011,1.0,7.6,6617.0
12007,ts33824,Maken-Ki! Battling Venus,SHOW,TV-MA,25,2011,2.0,5.9,433.0
12018,ts27837,"Say ""I Love You.""",SHOW,TV-14,25,2012,1.0,5.6,10.0
12057,ts16683,Haganai: I Don't Have Many Friends,SHOW,TV-MA,25,2011,2.0,7.1,2235.0
12072,tm30543,Wrong,MOVIE,,94,2012,0.0,6.2,9811.0
12086,tm60339,Nature Calls,MOVIE,R,79,2012,0.0,3.9,2421.0
12092,tm42551,Knuckleball!,MOVIE,,93,2012,0.0,7.0,1722.0
12122,tm55164,Pietà,MOVIE,,104,2012,0.0,7.1,14510.0
12131,ts21213,Yu-Gi-Oh! Zexal,SHOW,TV-Y7,22,2011,6.0,5.0,900.0
12153,tm67265,Sparkle,MOVIE,PG-13,116,2012,0.0,5.8,6304.0
12166,tm163083,Bullhead,MOVIE,R,129,2011,0.0,7.3,23216.0
12182,tm60803,The FP,MOVIE,R,82,2011,0.0,5.4,1738.0
12217,ts27922,NARUTO Spin-Off: Rock Lee & His Ninja Pals,SHOW,TV-Y7,23,2012,1.0,7.2,887.0
12228,tm42882,The Final Member,MOVIE,,90,2012,0.0,6.5,1245.0
12239,tm174447,Saving Private Perez,MOVIE,PG-13,105,2011,0.0,5.9,1915.0
12250,tm179641,Gimme the Loot,MOVIE,,79,2012,0.0,6.6,2533.0
12262,tm52062,Mosquita y Mari,MOVIE,,85,2012,0.0,6.3,918.0
12292,tm174230,Trevor Noah: You Laugh But It's True,MOVIE,,84,2011,0.0,7.1,1152.0
12305,tm183176,A Second Chance,MOVIE,,90,2011,0.0,4.7,1018.0
12306,tm31333,The Waiting Room,MOVIE,,81,2012,0.0,7.2,841.0
12313,tm58432,Dragon Age: Dawn of the Seeker,MOVIE,,90,2012,0.0,5.8,2920.0
12340,tm43987,Fairy Tail: Phoenix Priestess,MOVIE,PG-13,86,2012,0.0,7.1,2081.0
12364,tm60522,The Perfect Wedding,MOVIE,,82,2012,0.0,6.3,864.0
12374,tm61614,Holly's Holiday,MOVIE,,90,2012,0.0,5.4,1189.0
12376,tm56747,Last Days Here,MOVIE,,91,2011,0.0,7.5,1912.0
12388,tm170735,Labios Rojos,MOVIE,R,93,2011,0.0,5.1,384.0
12504,tm166586,Prisoners,MOVIE,R,153,2013,0.0,8.1,679548.0
12605,tm143360,The Raid 2,MOVIE,R,150,2014,0.0,7.9,121534.0
12643,tm166553,Despicable Me 2,MOVIE,PG,98,2013,0.0,7.3,391448.0
12715,tm148836,Oculus,MOVIE,R,104,2013,0.0,6.5,126675.0
12733,tm181889,Before Midnight,MOVIE,R,109,2013,0.0,7.9,153949.0
12840,tm170004,Austenland,MOVIE,PG-13,97,2013,0.0,6.2,20727.0
12888,tm155068,Transcendence,MOVIE,PG-13,119,2014,0.0,6.2,226018.0
12924,tm149150,Still Alice,MOVIE,PG-13,99,2014,0.0,7.5,133222.0
12939,tm145683,Spring,MOVIE,,109,2014,0.0,6.7,27638.0
12975,tm180320,Drinking Buddies,MOVIE,R,95,2013,0.0,6.1,58224.0
13062,tm154072,The Judge,MOVIE,R,141,2014,0.0,7.4,188437.0
13140,tm178257,Phantom,MOVIE,R,99,2013,0.0,5.9,14275.0
13177,tm187396,A Field in England,MOVIE,,90,2013,0.0,6.2,12580.0
13212,ts20804,Witches of East End,SHOW,TV-MA,42,2013,2.0,7.6,25793.0
13220,tm186938,Somm,MOVIE,,93,2013,0.0,7.0,4712.0
13237,tm185938,How I Live Now,MOVIE,R,101,2013,0.0,6.4,30034.0
13278,tm156070,The Two Faces of January,MOVIE,PG-13,96,2014,0.0,6.2,31386.0
13308,tm155146,The Congress,MOVIE,,122,2013,0.0,6.4,18588.0
13355,tm181420,Beautiful Creatures,MOVIE,PG-13,124,2013,0.0,6.1,87271.0
13403,tm143376,Suburban Gothic,MOVIE,R,90,2014,0.0,5.6,4684.0
13431,tm146683,Earth to Echo,MOVIE,PG,89,2014,0.0,5.7,18988.0
13460,tm137737,The Angriest Man in Brooklyn,MOVIE,R,84,2014,0.0,5.7,22274.0
13489,tm143572,White Bird in a Blizzard,MOVIE,R,91,2014,0.0,6.4,28260.0
13533,ts18865,Danganronpa: The Animation,SHOW,TV-14,24,2013,2.0,6.8,2432.0
13539,ts20686,Terror in Resonance,SHOW,TV-14,21,2014,1.0,7.9,10188.0
13609,tm147533,The Rewrite,MOVIE,PG-13,107,2014,0.0,6.3,20156.0
13658,tm136719,Serena,MOVIE,R,102,2014,0.0,5.4,28642.0
13687,tm175844,Cheap Thrills,MOVIE,,88,2013,0.0,6.7,18979.0
13707,tm144215,"20,000 Days on Earth",MOVIE,,97,2014,0.0,7.4,11395.0
13720,ts35492,Nisekoi,SHOW,TV-14,24,2014,2.0,7.4,3307.0
13750,tm158087,A Long Way Down,MOVIE,R,96,2014,0.0,6.3,33172.0
13783,tm179385,Mood Indigo,MOVIE,,131,2013,0.0,6.5,15877.0
13835,tm150016,The World of Kanako,MOVIE,,118,2014,0.0,6.5,5114.0
13883,tm186841,Instructions Not Included,MOVIE,PG-13,122,2013,0.0,7.5,30679.0
13903,tm188043,Borgman,MOVIE,,113,2013,0.0,6.7,17639.0
13923,tm65235,It's a Disaster,MOVIE,R,86,2013,0.0,6.4,11098.0
13938,tm140972,R100,MOVIE,,100,2013,0.0,6.0,2543.0
13992,tm156383,The Keeping Room,MOVIE,R,95,2014,0.0,6.0,7016.0
13998,ts7770,The Driver,SHOW,TV-14,54,2014,1.0,6.9,1880.0
14061,tm155620,Dolphin Tale 2,MOVIE,PG,107,2014,0.0,6.3,9112.0
14094,tm317479,Sword Art Online: Extra Edition,MOVIE,,101,2014,0.0,6.3,1787.0
14131,tm176834,Grudge Match,MOVIE,PG-13,113,2013,0.0,6.4,60037.0
14148,tm144292,Sex Ed,MOVIE,,90,2014,0.0,5.6,5337.0
14248,tm155607,The Connection,MOVIE,R,135,2014,0.0,7.1,10678.0
14273,tm133396,10.0 Earthquake,MOVIE,,88,2014,0.0,3.4,2234.0
14277,ts44098,Yu-Gi-Oh! Arc-V,SHOW,TV-Y7,22,2014,3.0,7.0,6.0
14288,tm170696,Almost Human,MOVIE,,80,2013,0.0,4.7,3255.0
14317,tm138145,The Woman in Black 2: Angel of Death,MOVIE,PG-13,98,2014,0.0,4.8,28090.0
14361,ts89424,ソードアート・オンラインⅡ,SHOW,TV-14,22,2014,1.0,7.5,42713.0
14385,tm151254,Just Eat It: A Food Waste Story,MOVIE,,75,2014,0.0,7.3,816.0
14396,tm157823,The Maid's Room,MOVIE,,98,2014,0.0,4.5,1330.0
14418,ts20733,The Impostor,SHOW,,50,2014,1.0,7.7,72.0
14436,tm186006,Treading Water,MOVIE,,92,2013,0.0,6.0,686.0
14521,tm132685,The 10 Year Plan,MOVIE,PG-13,90,2014,0.0,6.1,4213.0
14537,tm152954,Zapped,MOVIE,,92,2014,0.0,5.1,5164.0
14549,tm167852,Hammer of the Gods,MOVIE,R,99,2013,0.0,4.5,8077.0
14571,tm172179,I Declare War,MOVIE,,91,2013,0.0,6.0,2761.0
14598,tm149879,Get Married If You Can,MOVIE,,107,2014,0.0,5.7,1837.0
14608,tm152613,The Hornet's Nest,MOVIE,R,93,2014,0.0,6.7,2557.0
14642,tm186492,Dealin' with Idiots,MOVIE,,87,2013,0.0,5.4,1387.0
14661,tm177748,The Face of Love,MOVIE,PG-13,92,2013,0.0,6.2,5510.0
14666,tm177516,Getting Go: The Go Doc Project,MOVIE,,91,2013,0.0,6.9,2828.0
14676,tm174307,Reaching for the Moon,MOVIE,,118,2013,0.0,6.9,3250.0
14707,tm152263,K: Missing Kings,MOVIE,PG,75,2014,0.0,6.9,864.0
14730,tm156728,Liz in September,MOVIE,,100,2014,0.0,5.9,1357.0
14745,tm184292,Tru Love,MOVIE,,94,2013,0.0,6.4,805.0
14762,tm66500,The March Sisters at Christmas,MOVIE,,90,2014,0.0,5.4,676.0
14765,tm148148,Big Men,MOVIE,,99,2014,0.0,7.1,621.0
14790,tm178814,Journey to the South Pacific,MOVIE,G,40,2013,0.0,6.4,160.0
14803,tm157977,A Christmas Kiss II,MOVIE,,90,2014,0.0,6.0,1960.0
14830,tm137732,Amira & Sam,MOVIE,,90,2014,0.0,6.1,2602.0
14867,tm143279,My Dad Is Scrooge,MOVIE,,87,2014,0.0,4.4,254.0
14881,tm158789,Back to Christmas,MOVIE,PG,86,2014,0.0,5.6,1163.0
14887,tm138723,12 Dog Days Till Christmas,MOVIE,,90,2014,0.0,4.6,462.0
14894,tm188776,Christmas Belle,MOVIE,,90,2013,0.0,5.1,1934.0
14907,tm158934,Naughty & Nice,MOVIE,,90,2014,0.0,5.9,1511.0
14910,tm173159,Breakup at a Wedding,MOVIE,PG-13,85,2013,0.0,5.2,235.0
14917,ts44119,Part of Me,SHOW,TV-14,43,2014,1.0,8.3,122.0
14933,tm179994,My Santa,MOVIE,PG,84,2013,0.0,5.5,1045.0
15042,tm123777,Deadpool,MOVIE,R,108,2016,0.0,8.0,996056.0
15190,tm143617,La La Land,MOVIE,PG-13,128,2016,0.0,8.0,560018.0
15256,tm135387,In the Heart of the Sea,MOVIE,PG-13,122,2015,0.0,6.9,135919.0
15425,tm238770,Personal Shopper,MOVIE,R,106,2016,0.0,6.1,39606.0
15543,tm140511,Drunk Stoned Brilliant Dead: The Story of the National Lampoon,MOVIE,R,93,2015,0.0,7.2,2294.0
15612,ts37899,Overlord,SHOW,TV-MA,23,2015,4.0,7.7,8723.0
15649,tm223124,Lights Out,MOVIE,PG-13,81,2016,0.0,6.3,125496.0
15678,tm219897,Southbound,MOVIE,,89,2015,0.0,5.9,18955.0
15741,tm197174,The Hollars,MOVIE,PG-13,105,2016,0.0,6.6,12649.0
15769,tm141546,Grandma,MOVIE,R,78,2015,0.0,6.7,15703.0
15804,tm224956,Maudie,MOVIE,PG-13,115,2016,0.0,7.6,18169.0
15904,ts44983,Prison School,SHOW,TV-MA,24,2015,1.0,7.6,5206.0
15913,ts15477,American Crime,SHOW,TV-14,46,2015,3.0,7.8,9722.0
15979,tm202759,Storks,MOVIE,PG,87,2016,0.0,6.8,61288.0
16005,tm230900,My Scientology Movie,MOVIE,,99,2016,0.0,6.7,12656.0
16024,tm244104,The Beatles: Eight Days a Week - The Touring Years,MOVIE,,106,2016,0.0,7.8,12675.0
16038,tm235794,Zero Days,MOVIE,PG-13,116,2016,0.0,7.7,9670.0
16084,tm138793,The Second Best Exotic Marigold Hotel,MOVIE,PG,122,2015,0.0,6.5,33453.0
16126,ts42080,Grimgar of Fantasy and Ash,SHOW,TV-14,23,2016,1.0,7.4,2541.0
16187,tm317766,The Osiris Child,MOVIE,,95,2016,0.0,5.5,8378.0
16220,ts38689,Descendants of the Sun,SHOW,TV-14,59,2016,1.0,8.3,14587.0
16256,tm140391,Pan,MOVIE,PG,111,2015,0.0,5.7,63528.0
16259,ts43283,Chivalry of a Failed Knight,SHOW,TV-MA,24,2015,1.0,7.3,3423.0
16311,tm233288,"I, Daniel Blake",MOVIE,R,100,2016,0.0,7.8,59049.0
16322,tm136120,Above and Beyond,MOVIE,,90,2015,0.0,7.7,622.0
16399,ts42207,The Legend of the Blue Sea,SHOW,TV-14,60,2016,2.0,8.2,8452.0
16436,tm138648,Digging for Fire,MOVIE,R,80,2015,0.0,5.8,6230.0
16462,ts36812,Attack on Titan: Junior High,SHOW,TV-14,17,2015,1.0,7.2,2132.0
16508,tm209958,The Unknown Girl,MOVIE,,113,2016,0.0,6.5,9396.0
16523,tm201158,Raiders!: The Story of the Greatest Fan Film Ever Made,MOVIE,,93,2015,0.0,6.9,2157.0
16577,tm217838,The Escort,MOVIE,,88,2015,0.0,6.0,13071.0
16608,tm233312,Graduation,MOVIE,R,128,2016,0.0,7.3,13501.0
16632,ts6028,Banished,SHOW,TV-MA,54,2015,1.0,7.4,3739.0
16646,tm232872,Somm: Into the Bottle,MOVIE,,90,2015,0.0,7.3,1778.0
16677,ts41889,National Treasure,SHOW,TV-MA,48,2016,1.0,7.4,2727.0
16699,tm140127,Men & Chicken,MOVIE,,104,2015,0.0,6.7,12786.0
16725,tm233024,Friend Request,MOVIE,R,92,2016,0.0,5.2,25924.0
16769,tm219802,4th Man Out,MOVIE,,87,2015,0.0,6.7,10111.0
16799,tm238708,The Meddler,MOVIE,PG-13,100,2016,0.0,6.3,12764.0
16818,tm139527,Songs My Brothers Taught Me,MOVIE,,94,2015,0.0,7.1,2920.0
16847,tm201222,The Girl King,MOVIE,,106,2015,0.0,5.8,4065.0
16865,tm201355,Back in Time,MOVIE,PG,95,2015,0.0,6.3,4113.0
16880,tm135989,Cartel Land,MOVIE,R,100,2015,0.0,7.3,18331.0
16919,tm216006,My All American,MOVIE,PG,118,2015,0.0,7.1,6656.0
16948,tm242656,Sacrifice,MOVIE,,90,2016,0.0,5.3,4498.0
16949,ts76601,Ancient Top 10,SHOW,TV-14,40,2016,1.0,7.6,92.0
16951,ts42045,Barbarians Rising,SHOW,TV-14,67,2016,1.0,7.7,2003.0
16982,tm232932,Equity,MOVIE,R,100,2016,0.0,5.5,3619.0
17017,ts38038,Oh My Venus,SHOW,TV-14,59,2015,1.0,7.8,4665.0
17024,ts38723,The Asterisk War,SHOW,TV-14,24,2015,2.0,6.8,2026.0
17064,tm238589,It Had to Be You,MOVIE,R,85,2016,0.0,5.5,1290.0
17076,tm208718,Curious George 3: Back to the Jungle,MOVIE,G,81,2015,0.0,5.5,588.0
17102,ts57624,Dance with Devils,SHOW,TV-14,23,2015,1.0,5.9,551.0
17131,tm211171,Henry Gamble's Birthday Party,MOVIE,R,86,2015,0.0,6.2,2992.0
17152,ts43068,Prince of Stride: Alternative,SHOW,TV-PG,24,2016,1.0,6.5,300.0
17164,tm244644,Transpecos,MOVIE,,86,2016,0.0,5.8,2747.0
17180,tm230873,A Beautiful Planet,MOVIE,G,45,2016,0.0,7.3,1348.0
17200,tm213105,Wolves,MOVIE,R,109,2016,0.0,5.6,1239.0
17215,tm203064,ma ma,MOVIE,R,111,2015,0.0,6.4,4251.0
17223,tm238745,Shelley,MOVIE,,92,2016,0.0,5.2,3473.0
17250,tm244602,High Strung,MOVIE,G,96,2016,0.0,6.3,9134.0
17291,tm242855,The Queen of Spain,MOVIE,,129,2016,0.0,5.2,1968.0
17314,tm242673,Let's Be Evil,MOVIE,,83,2016,0.0,4.3,8150.0
17317,ts51282,Mighty Magiswords,SHOW,TV-PG,14,2015,2.0,4.7,1258.0
17336,tm242773,Ozzy,MOVIE,G,90,2016,0.0,5.2,2304.0
17347,tm272207,Wolves at the Door,MOVIE,R,73,2016,0.0,4.4,3842.0
17361,tm151657,Hellions,MOVIE,,80,2015,0.0,4.2,3261.0
17367,ts42073,Wasted,SHOW,TV-MA,20,2016,3.0,7.3,1091.0
17403,tm244649,The Evil in Us,MOVIE,,91,2016,0.0,4.8,4683.0
17414,tm233222,Carnage Park,MOVIE,,81,2016,0.0,4.9,3517.0
17424,tm211221,Those People,MOVIE,,89,2015,0.0,6.6,5976.0
17441,tm239305,Jean of the Joneses,MOVIE,,88,2016,0.0,6.4,409.0
17450,tm238738,Busco novio para mi mujer,MOVIE,PG-13,91,2016,0.0,5.8,469.0
17478,tm243336,Bad Rap,MOVIE,,81,2016,0.0,6.5,191.0
17507,tm232422,Bad Roomies,MOVIE,,93,2015,0.0,5.1,2476.0
17524,tm147915,Meet Me in Montenegro,MOVIE,,90,2015,0.0,5.9,350.0
17534,ts37834,Heavy Object,SHOW,TV-MA,23,2015,1.0,6.4,176.0
17544,tm215798,Huevos: Little Rooster's Egg-Cellent Adventure,MOVIE,PG,98,2015,0.0,5.7,1050.0
17553,ts42697,Divine Gate,SHOW,TV-14,23,2016,1.0,5.0,304.0
17563,tm195000,Naz & Maalik,MOVIE,,86,2015,0.0,5.8,375.0
17578,tm214808,Rabid Dogs,MOVIE,,100,2015,0.0,5.8,1790.0
17605,tm242555,I.T.,MOVIE,,96,2016,0.0,5.5,15891.0
17617,tm313617,Shared Rooms,MOVIE,,75,2016,0.0,5.7,713.0
17627,ts142375,Future-Worm!,SHOW,TV-Y7,22,2015,1.0,5.6,252.0
17652,tm308028,A Cinderella Christmas,MOVIE,G,93,2016,0.0,6.2,3002.0
17660,tm221787,Across the Line,MOVIE,,88,2016,0.0,5.2,437.0
17668,tm242577,Get Squirrely,MOVIE,G,85,2015,0.0,3.5,395.0
17681,tm246087,Passage to Mars,MOVIE,,94,2016,0.0,4.5,742.0
17692,tm284224,A Puppy for Christmas,MOVIE,,85,2016,0.0,5.9,984.0
17702,tm217894,Ladrones,MOVIE,PG-13,98,2015,0.0,5.0,302.0
17710,tm146446,All About E,MOVIE,,93,2015,0.0,4.9,1017.0
17721,tm230063,Angels in the Snow,MOVIE,,90,2015,0.0,5.6,1494.0
17723,tm246825,Free to Run,MOVIE,,90,2016,0.0,7.3,353.0
17733,tm197802,Miss India America,MOVIE,,95,2016,0.0,5.4,611.0
17741,ts41494,RocketJump: The Show,SHOW,TV-14,25,2015,1.0,7.2,167.0
17754,tm321789,Christmas with the Andersons,MOVIE,PG,90,2016,0.0,4.1,452.0
17768,tm272205,Married by Christmas,MOVIE,,87,2016,0.0,5.5,1193.0
17785,tm266765,Girlfriends of Christmas Past,MOVIE,G,88,2016,0.0,5.1,843.0
17803,tm232560,Rodeo and Juliet,MOVIE,,88,2015,0.0,4.7,1054.0
17814,tm240907,Citizen Soldier,MOVIE,R,105,2016,0.0,5.7,536.0
17835,ts35977,Chaos Dragon: Sekiryuu Sen'eki,SHOW,TV-MA,23,2015,1.0,4.4,114.0
17843,tm232317,A Dogwalker's Christmas Tale,MOVIE,,80,2015,0.0,5.0,1482.0
18033,tm239698,Deadpool 2,MOVIE,R,119,2018,0.0,7.7,553166.0
18068,tm240629,The House That Jack Built,MOVIE,R,151,2018,0.0,6.8,70574.0
18172,tm244330,Logan Lucky,MOVIE,PG-13,119,2017,0.0,7.0,145641.0
18217,tm244209,The Shape of Water,MOVIE,R,120,2017,0.0,7.3,406147.0
18251,tm410753,Border,MOVIE,R,110,2018,0.0,7.0,28572.0
18323,tm366889,Vice,MOVIE,R,132,2018,0.0,7.2,139439.0
18375,tm373563,Prospect,MOVIE,R,98,2018,0.0,6.3,27044.0
18398,tm244364,The Nightingale,MOVIE,R,136,2018,0.0,7.3,28196.0
18470,tm244324,The Square,MOVIE,R,150,2017,0.0,7.2,61658.0
18511,tm244376,"I, Tonya",MOVIE,R,120,2017,0.0,7.5,206921.0
18555,tm244185,Hostiles,MOVIE,R,127,2017,0.0,7.2,81873.0
18568,tm312676,Leave No Trace,MOVIE,PG,110,2018,0.0,7.1,57815.0
18572,tm363020,Three Identical Strangers,MOVIE,PG-13,96,2018,0.0,7.6,34465.0
18578,ts56104,Boruto: Naruto Next Generations,SHOW,TV-14,23,2017,2.0,6.9,19595.0
18630,tm283327,Brigsby Bear,MOVIE,PG-13,97,2017,0.0,7.3,16473.0
18677,tm322112,My Friend Dahmer,MOVIE,R,107,2017,0.0,6.2,18817.0
18692,tm284178,Super Dark Times,MOVIE,,100,2017,0.0,6.6,22183.0
18718,tm244353,Thelma,MOVIE,,116,2017,0.0,7.0,31236.0
18760,tm368523,Lords of Chaos,MOVIE,R,118,2018,0.0,6.6,15353.0
18791,tm328160,Unsane,MOVIE,R,98,2018,0.0,6.4,45506.0
18824,tm244371,Ingrid Goes West,MOVIE,R,97,2017,0.0,6.6,40755.0
18880,tm362059,American Animals,MOVIE,R,117,2018,0.0,7.0,43913.0
18923,tm205865,The Man Who Killed Don Quixote,MOVIE,,133,2018,0.0,6.3,19372.0
18949,tm311595,Lucky,MOVIE,,88,2017,0.0,7.3,22699.0
18965,ts55901,The Looming Tower,SHOW,TV-MA,50,2018,1.0,8.0,14380.0
18989,tm273428,God's Own Country,MOVIE,,104,2017,0.0,7.7,29545.0
19009,tm270895,I Am Not Your Negro,MOVIE,R,93,2017,0.0,7.9,21632.0
19046,tm266670,Disobedience,MOVIE,R,114,2017,0.0,6.6,30124.0
19104,tm361759,Colette,MOVIE,R,111,2018,0.0,6.7,22686.0
19138,tm349141,Papillon,MOVIE,R,134,2017,0.0,7.2,71588.0
19186,tm305664,Blade of the Immortal,MOVIE,R,140,2017,0.0,6.8,17334.0
19260,tm315695,Vox Lux,MOVIE,R,114,2018,0.0,5.9,17877.0
19269,tm244483,47 Meters Down,MOVIE,PG-13,89,2017,0.0,5.6,54022.0
19274,tm362890,Minding the Gap,MOVIE,,93,2018,0.0,8.0,9413.0
19324,tm361034,The Miseducation of Cameron Post,MOVIE,,92,2018,0.0,6.6,21381.0
19330,tm347925,Permanent,MOVIE,PG-13,94,2017,0.0,5.6,2254.0
19339,tm318637,Arctic,MOVIE,PG-13,98,2018,0.0,6.8,50622.0
19358,ts81039,What's Wrong with Secretary Kim,SHOW,,69,2018,1.0,8.1,10788.0
19374,tm349722,Scotty and the Secret History of Hollywood,MOVIE,,98,2018,0.0,6.6,1400.0
19377,tm405368,Neat: The Story of Bourbon,MOVIE,,75,2018,0.0,7.6,576.0
19405,tm283348,The Hero,MOVIE,R,96,2017,0.0,6.5,9466.0
19447,tm233224,Please Stand By,MOVIE,PG-13,93,2018,0.0,6.7,13619.0
19492,tm221693,Amazing Grace,MOVIE,G,87,2018,0.0,7.5,4527.0
19551,tm349611,Chappaquiddick,MOVIE,PG-13,107,2018,0.0,6.5,13211.0
19568,tm423436,Ben Is Back,MOVIE,R,103,2018,0.0,6.7,20919.0
19611,tm316399,78/52,MOVIE,,91,2017,0.0,7.3,3555.0
19650,tm140154,November Criminals,MOVIE,PG-13,85,2017,0.0,5.3,8901.0
19668,ts55823,While You Were Sleeping,SHOW,TV-14,45,2017,1.0,8.3,6665.0
19679,ts79331,Persona 5: The Animation,SHOW,TV-14,28,2018,1.0,6.7,564.0
19682,tm315847,Unacknowledged,MOVIE,,100,2017,0.0,7.0,7991.0
19707,tm283345,Band Aid,MOVIE,R,91,2017,0.0,6.6,5630.0
19755,tm317317,Once Upon a Time in Venice,MOVIE,R,94,2017,0.0,5.3,19335.0
19772,ts81275,Gordon Ramsay's 24 Hours to Hell and Back,SHOW,TV-14,45,2018,3.0,7.3,1296.0
19782,tm354950,Too Funny to Fail: The Life & Death of The Dana Carvey Show,MOVIE,,95,2017,0.0,7.7,1554.0
19797,tm347051,The Cured,MOVIE,R,95,2017,0.0,5.5,8528.0
19853,tm244005,The Limehouse Golem,MOVIE,,109,2017,0.0,6.3,21055.0
19862,ts53909,Apple Tree Yard,SHOW,TV-14,58,2017,1.0,7.2,4677.0
19873,tm307291,Pilgrimage,MOVIE,,96,2017,0.0,5.8,5498.0
19893,tm244217,Gemini,MOVIE,R,93,2017,0.0,5.4,4990.0
19904,tm313977,Flower,MOVIE,R,94,2017,0.0,6.0,8881.0
19908,ts115324,The Menendez Murders: Erik Tells All,SHOW,,43,2017,1.0,7.5,317.0
19917,ts75222,The Murder of Laci Peterson,SHOW,TV-14,50,2017,1.0,7.4,1053.0
19940,tm299754,Marjorie Prime,MOVIE,,98,2017,0.0,6.3,6294.0
19958,tm355789,Dogman,MOVIE,,103,2018,0.0,7.2,26091.0
19965,tm308313,Dealt,MOVIE,,85,2017,0.0,7.5,1809.0
19988,tm410407,211,MOVIE,R,86,2018,0.0,4.3,8149.0
20023,tm277827,Rebel in the Rye,MOVIE,PG-13,106,2017,0.0,6.7,9520.0
20065,tm271957,On Chesil Beach,MOVIE,R,110,2018,0.0,6.3,11107.0
20079,tm307840,68 Kill,MOVIE,R,107,2018,0.0,6.1,5688.0
20109,ts77927,Kiri,SHOW,TV-MA,47,2018,1.0,6.6,2543.0
20146,tm369970,Looking Glass,MOVIE,R,103,2018,0.0,4.6,6730.0
20223,tm340212,The Man Who Invented Christmas,MOVIE,PG,105,2017,0.0,7.0,15874.0
20244,tm357155,After Everything,MOVIE,,95,2018,0.0,6.4,1479.0
20273,tm320884,Batman & Bill,MOVIE,PG-13,93,2017,0.0,8.0,1944.0
20298,tm409508,Along with the Gods: The Last 49 Days,MOVIE,,141,2018,0.0,7.1,7067.0
20351,tm319627,Princess Cyd,MOVIE,,96,2017,0.0,6.7,3907.0
20379,tm142116,XX,MOVIE,R,80,2017,0.0,4.6,11664.0
20395,tm375165,McQueen,MOVIE,R,111,2018,0.0,7.7,8025.0
20438,tm311475,Sweet Virginia,MOVIE,R,93,2017,0.0,6.2,10185.0
20474,tm242061,Person to Person,MOVIE,,84,2017,0.0,5.7,1542.0
20486,tm372226,Donnybrook,MOVIE,R,101,2018,0.0,5.4,2161.0
20555,tm372828,Wild Nights with Emily,MOVIE,PG-13,84,2018,0.0,6.2,1209.0
20562,tm475301,Scotch: A Golden Dream,MOVIE,,87,2018,0.0,7.5,383.0
20597,tm308084,Becoming Bond,MOVIE,,91,2017,0.0,7.5,2882.0
20611,tm326100,Maze,MOVIE,,93,2017,0.0,5.9,3243.0
20660,tm215439,Woman at War,MOVIE,,101,2018,0.0,7.4,9646.0
20779,tm266650,Loro 1,MOVIE,,104,2018,0.0,6.7,5065.0
20809,tm376740,All About Nina,MOVIE,R,97,2018,0.0,6.2,2725.0
20814,tm413019,Hunt for the Skinwalker,MOVIE,,127,2018,0.0,4.4,888.0
20846,tm409823,The Unthinkable,MOVIE,,129,2018,0.0,6.0,7913.0
20851,tm362904,Kusama : Infinity,MOVIE,,80,2018,0.0,7.3,992.0
20892,tm267101,Chuck,MOVIE,R,101,2017,0.0,6.5,6246.0
20896,tm433987,Somm 3,MOVIE,R,80,2018,0.0,6.9,455.0
20911,tm433452,Still,MOVIE,,88,2018,0.0,5.2,1152.0
20926,ts79411,Safe Harbour,SHOW,TV-MA,53,2018,1.0,6.6,895.0
20946,tm318048,Dumb: The Story of Big Brother Magazine,MOVIE,,79,2017,0.0,7.4,510.0
20985,tm362066,Monsters and Men,MOVIE,R,96,2018,0.0,6.0,2359.0
20993,tm312171,Danger Close,MOVIE,,90,2017,0.0,4.5,262.0
21024,tm414612,Andy Irons: Kissed by God,MOVIE,,100,2018,0.0,8.2,718.0
21059,tm300414,Chasing Trane,MOVIE,,99,2017,0.0,7.3,2272.0
21075,tm320497,A Ciambra,MOVIE,,118,2017,0.0,6.9,2465.0
21077,tm362901,Crime + Punishment,MOVIE,,111,2018,0.0,7.4,649.0
21100,tm376822,Mapplethorpe,MOVIE,,102,2018,0.0,6.1,1497.0
21115,tm327478,I Remember You,MOVIE,R,105,2017,0.0,6.1,4875.0
21144,tm317518,The Field Guide to Evil,MOVIE,R,117,2018,0.0,4.8,1986.0
21167,ts85459,Encounter,SHOW,,67,2018,1.0,7.5,1495.0
21187,tm407672,Non-Fiction,MOVIE,R,107,2018,0.0,6.4,5097.0
21193,tm411648,This Mountain Life,MOVIE,PG,77,2018,0.0,7.3,261.0
21220,ts84686,The Bisexual,SHOW,,29,2018,1.0,6.2,1150.0
21246,tm481772,The Haunted,MOVIE,,75,2017,0.0,5.5,19.0
21272,tm435628,Hillbilly,MOVIE,,87,2018,0.0,6.7,449.0
21285,tm293516,Citizen Jane: Battle for the City,MOVIE,,92,2017,0.0,7.0,606.0
21292,tm353922,Sleepwalker,MOVIE,,88,2017,0.0,5.2,1040.0
21315,tm414073,Backtrace,MOVIE,R,87,2018,0.0,3.8,4099.0
21341,tm363787,Christmas in the Heartland,MOVIE,,90,2017,0.0,5.9,1414.0
21349,tm463679,Tracks,MOVIE,,86,2018,0.0,8.2,6.0
21368,tm354736,Sollers Point,MOVIE,R,101,2017,0.0,5.7,700.0
21370,tm315905,The Force,MOVIE,,80,2017,0.0,6.7,699.0
21405,tm433268,Another Time,MOVIE,R,89,2018,0.0,4.5,903.0
21407,tm367173,Pandas,MOVIE,G,40,2018,0.0,7.4,380.0
21416,tm307888,The Archer,MOVIE,,86,2017,0.0,5.2,824.0
21424,tm324746,Frank Serpico,MOVIE,,96,2017,0.0,6.8,339.0
21434,tm415939,Locating Silver Lake,MOVIE,,110,2018,0.0,5.4,325.0
21446,tm244293,March of the Penguins 2: The Next Step,MOVIE,G,85,2017,0.0,6.6,744.0
21457,tm345894,Get Big,MOVIE,,85,2017,0.0,6.0,3295.0
21473,tm350933,Wetlands,MOVIE,,98,2017,0.0,4.4,526.0
21540,tm245354,AWOL,MOVIE,,82,2017,0.0,5.6,1355.0
21543,ts78570,Impossible Builds,SHOW,TV-G,48,2018,1.0,7.4,47.0
21558,ts84778,Butterfly,SHOW,,45,2018,1.0,6.5,1710.0
21564,tm1166669,The Cat Rescuers,MOVIE,,87,2018,0.0,7.5,62.0
21584,tm338373,It Came from the Desert,MOVIE,,90,2017,0.0,4.3,1645.0
21593,tm323152,The Feels,MOVIE,,90,2017,0.0,5.1,2085.0
21600,tm419375,Bayou Caviar,MOVIE,,111,2018,0.0,4.7,3257.0
21613,tm445910,Christmas on Holly Lane,MOVIE,,90,2018,0.0,6.3,852.0
21627,tm354628,A Wedding Wonderland,MOVIE,PG,90,2017,0.0,5.0,615.0
21644,tm247557,The Veil,MOVIE,,86,2017,0.0,3.4,2432.0
21648,tm358342,Obey Giant,MOVIE,,90,2017,0.0,7.3,414.0
21664,tm327236,Legion of Brothers,MOVIE,,79,2017,0.0,5.9,352.0
21673,tm372047,First Day,MOVIE,,17,2017,0.0,7.6,15.0
21692,tm442133,A Christmas Switch,MOVIE,,121,2018,0.0,5.9,890.0
21702,tm322658,Roller Dreams,MOVIE,,82,2017,0.0,8.1,89.0
21705,tm460143,Blast Beat,MOVIE,,5,2018,0.0,5.1,233.0
21720,tm440046,Racetime,MOVIE,PG,90,2018,0.0,5.6,492.0
21727,tm357894,Second Chance Christmas,MOVIE,G,87,2017,0.0,5.6,666.0
21739,tm326963,Cherry Pop,MOVIE,,80,2017,0.0,4.5,1502.0
21758,tm240812,The Sweet Life,MOVIE,,90,2017,0.0,6.2,1760.0
21775,tm355530,"Soul on Ice: Past, Present and Future",MOVIE,,86,2017,0.0,8.1,48.0
21797,tm434554,The Truth About Christmas,MOVIE,,120,2018,0.0,5.5,516.0
21828,tm359869,The Christmas Calendar,MOVIE,,83,2017,0.0,5.9,1312.0
21831,tm418047,Ballet Now,MOVIE,,74,2018,0.0,7.2,184.0
21873,tm311931,The Relationtrip,MOVIE,,90,2017,0.0,5.7,660.0
21882,tm240824,Alive and Kicking,MOVIE,,88,2017,0.0,6.8,484.0
21886,tm500028,Bare Knuckle,MOVIE,,80,2018,0.0,6.4,31.0
21895,tm406526,Savage Youth,MOVIE,,100,2018,0.0,5.3,404.0
21896,tm305997,For Ahkeem,MOVIE,,89,2017,0.0,6.7,162.0
21900,tm323941,Take Every Wave: The Life of Laird Hamilton,MOVIE,,118,2017,0.0,7.4,607.0
21911,tm360887,Christmas Solo,MOVIE,,90,2017,0.0,5.8,782.0
21920,tm509826,Miss Snake Charmer,MOVIE,,64,2018,0.0,5.7,38.0
21926,tm325275,Boonie Bears: Entangled Worlds,MOVIE,G,83,2017,0.0,5.5,185.0
21959,tm418028,Women & Sometimes Men,MOVIE,,87,2017,0.0,4.4,141.0
21962,tm418901,Boonie Bears: The Big Shrink,MOVIE,G,89,2018,0.0,5.4,206.0
21974,tm376063,Harvie and the Magic Museum,MOVIE,,87,2017,0.0,3.8,268.0
21981,tm308054,The Blood Is at the Doorstep,MOVIE,,90,2017,0.0,6.7,205.0
21987,tm357266,Constructing Albert,MOVIE,,82,2017,0.0,7.0,45.0
21991,tm444258,Ulam: Main Dish,MOVIE,,80,2018,0.0,7.3,34.0
21999,tm480059,Sprinter,MOVIE,,114,2018,0.0,6.2,450.0
22022,tm465173,Run,MOVIE,PG-13,89,2020,0.0,6.7,68408.0
22081,tm414170,Parasite,MOVIE,R,132,2019,0.0,8.5,742045.0
22131,tm487556,Palm Springs,MOVIE,R,90,2020,0.0,7.4,146247.0
22138,tm429670,The Biggest Little Farm,MOVIE,PG,91,2019,0.0,8.0,7129.0
22150,tm468920,Portrait of a Lady on Fire,MOVIE,R,120,2019,0.0,8.1,85597.0
22190,tm679789,Another Round,MOVIE,,117,2020,0.0,7.7,142356.0
22220,tm460712,Booksmart,MOVIE,R,102,2019,0.0,7.1,113481.0
22287,tm855323,Nomadland,MOVIE,R,108,2020,0.0,7.3,150438.0
22289,ts89904,Dark Side of the Ring,SHOW,TV-MA,46,2019,3.0,8.7,2727.0
22329,tm295292,Possessor Uncut,MOVIE,R,104,2020,0.0,6.5,32196.0
22379,tm850154,Riders of Justice,MOVIE,,116,2020,0.0,7.5,44685.0
22397,tm421577,The Croods: A New Age,MOVIE,PG,95,2020,0.0,6.9,40429.0
22463,tm468690,Hustlers,MOVIE,R,110,2019,0.0,6.3,96359.0
22531,tm852557,The Assistant,MOVIE,R,87,2020,0.0,6.4,21819.0
22559,tm361296,The Art of Self-Defense,MOVIE,R,104,2019,0.0,6.6,36668.0
22588,tm447387,2067,MOVIE,,114,2020,0.0,4.9,8839.0
22615,tm432161,The Lodge,MOVIE,R,108,2020,0.0,6.0,43687.0
22676,tm428358,Her Smell,MOVIE,R,136,2019,0.0,5.9,6845.0
22694,tm366310,Aniara,MOVIE,R,106,2019,0.0,6.2,8698.0
22726,tm846282,Escape from Pretoria,MOVIE,PG-13,102,2020,0.0,6.8,33929.0
22770,tm446175,Hail Satan?,MOVIE,R,95,2019,0.0,7.3,6785.0
22790,tm920286,Shadow in the Cloud,MOVIE,R,83,2020,0.0,4.9,25543.0
22822,tm376451,Alone,MOVIE,R,98,2020,0.0,6.2,18281.0
22848,tm407390,Come True,MOVIE,,105,2020,0.0,6.0,8317.0
22881,tm824532,The Vigil,MOVIE,PG-13,88,2020,0.0,5.8,7214.0
22900,tm837595,How to Train Your Dragon: Homecoming,MOVIE,PG,22,2019,0.0,7.3,3607.0
22956,tm453896,Mr. Jones,MOVIE,,119,2019,0.0,6.9,11148.0
23006,tm317159,The Upside,MOVIE,PG-13,118,2019,0.0,7.0,55208.0
23013,tm445973,Apollo 11,MOVIE,G,92,2019,0.0,8.1,24994.0
23065,tm505082,Ammonite,MOVIE,R,120,2020,0.0,6.5,16351.0
23107,tm307280,The Beach Bum,MOVIE,R,95,2019,0.0,5.5,21489.0
23149,tm922266,Skin: A History of Nudity in the Movies,MOVIE,,131,2020,0.0,6.7,752.0
23199,tm465434,Plus One,MOVIE,,98,2019,0.0,6.6,10411.0
23207,tm879418,The State of Texas vs. Melissa,MOVIE,,102,2020,0.0,5.6,206.0
23236,tm860022,Sputnik,MOVIE,R,114,2020,0.0,6.4,23157.0
23259,tm851644,Wild Mountain Thyme,MOVIE,PG-13,102,2020,0.0,5.7,7792.0
23286,tm413548,Waiting for the Barbarians,MOVIE,R,114,2019,0.0,6.0,10484.0
23317,tm810861,Dream Horse,MOVIE,PG,113,2020,0.0,6.9,4547.0
23326,tm458133,Villains,MOVIE,R,90,2019,0.0,6.2,13279.0
23351,tm321218,"Where'd You Go, Bernadette",MOVIE,PG-13,110,2019,0.0,6.5,21132.0
23392,tm461963,Buffaloed,MOVIE,,95,2020,0.0,6.2,5680.0
23414,tm845414,Spree,MOVIE,,93,2020,0.0,5.9,8806.0
23428,tm898852,Derek DelGaudio's In & Of Itself,MOVIE,,90,2020,0.0,8.2,4478.0
23481,tm427020,Wild Rose,MOVIE,R,101,2019,0.0,7.1,13452.0
23495,tm825649,The Killing of Two Lovers,MOVIE,R,85,2020,0.0,6.9,3873.0
23515,tm820629,Undine,MOVIE,,90,2020,0.0,6.6,6711.0
23530,tm890410,She Dies Tomorrow,MOVIE,R,85,2020,0.0,5.1,6152.0
23568,tm921465,Supernova,MOVIE,,94,2020,0.0,6.8,10574.0
23631,tm454167,Greener Grass,MOVIE,,95,2019,0.0,6.3,4367.0
23654,tm500584,Shirley,MOVIE,R,107,2020,0.0,6.1,11072.0
23692,tm419893,The Man Who Killed Hitler and Then the Bigfoot,MOVIE,R,96,2019,0.0,5.7,11954.0
23708,tm462408,The Secret Garden,MOVIE,PG,99,2020,0.0,5.5,8311.0
23778,tm919963,New Order,MOVIE,R,88,2020,0.0,6.5,6891.0
23868,tm469094,Happiest Season,MOVIE,PG-13,102,2020,0.0,6.6,37168.0
23937,tm349021,Missing Link,MOVIE,PG,94,2019,0.0,6.7,25054.0
23955,tm813757,Mandibles,MOVIE,,77,2020,0.0,6.6,3646.0
23964,tm831652,Sea Fever,MOVIE,,95,2020,0.0,5.7,10710.0
23991,tm837602,The Orange Years: The Nickelodeon Story,MOVIE,,102,2020,0.0,7.5,1035.0
24014,tm463678,Ordinary Love,MOVIE,R,92,2019,0.0,6.6,4046.0
24050,tm448600,Big Time Adolescence,MOVIE,R,91,2020,0.0,6.9,12544.0
24076,tm370994,Little Monsters,MOVIE,R,94,2019,0.0,6.3,16822.0
24084,tm823087,Collective,MOVIE,,109,2019,0.0,8.1,11786.0
24115,tm810237,The Wretched,MOVIE,,95,2020,0.0,5.8,15051.0
24126,tm446575,Honeyland,MOVIE,,89,2019,0.0,8.0,17246.0
24147,tm372217,Little Joe,MOVIE,,106,2019,0.0,5.8,7522.0
24193,tm348198,Hotel Mumbai,MOVIE,R,123,2019,0.0,7.6,61074.0
24208,tm823034,Moffie,MOVIE,,104,2020,0.0,6.8,2940.0
24209,tm818796,Tesla,MOVIE,PG-13,102,2020,0.0,5.1,8727.0
24249,tm922200,Books of Blood,MOVIE,,107,2020,0.0,5.6,7114.0
24264,tm215485,About Endlessness,MOVIE,,78,2019,0.0,6.8,6251.0
24285,tm671834,12 Hour Shift,MOVIE,,86,2020,0.0,5.4,4220.0
24302,tm904132,Rent-A-Pal,MOVIE,,108,2020,0.0,6.2,4337.0
24320,tm813294,Once Were Brothers,MOVIE,R,100,2019,0.0,7.3,1604.0
24333,tm322141,Monos,MOVIE,R,103,2019,0.0,6.9,16688.0
24362,tm810327,Robert the Bruce,MOVIE,,124,2019,0.0,5.4,3657.0
24408,tm975409,Songbird,MOVIE,PG-13,85,2020,0.0,4.7,9752.0
24425,tm431781,Bloodline,MOVIE,R,95,2019,0.0,6.0,7753.0
24436,tm845478,Save Yourselves!,MOVIE,R,93,2020,0.0,5.7,6945.0
24450,tm861144,Stardust,MOVIE,R,109,2020,0.0,4.3,1711.0
24456,tm845774,The Painter and the Thief,MOVIE,,102,2020,0.0,7.5,3569.0
24494,tm315210,The Postcard Killings,MOVIE,NC-17,101,2020,0.0,5.7,9962.0
24527,tm822873,The Other Lamb,MOVIE,,97,2020,0.0,5.2,4394.0
24549,tm373031,Wounds,MOVIE,R,94,2019,0.0,4.1,18520.0
24560,tm404659,Little Woods,MOVIE,R,103,2019,0.0,6.2,3231.0
24576,tm886681,Money Plane,MOVIE,R,82,2020,0.0,3.2,5243.0
24589,tm843350,Skyfire,MOVIE,PG-13,93,2019,0.0,5.3,2807.0
24599,tm579172,A Score to Settle,MOVIE,,103,2019,0.0,4.7,5763.0
24637,tm927756,The Doorman,MOVIE,R,95,2020,0.0,4.6,5749.0
24706,tm351272,The Painted Bird,MOVIE,,169,2019,0.0,7.3,5774.0
24720,tm879886,The Trip to Greece,MOVIE,PG-13,110,2020,0.0,6.6,3962.0
24735,tm841808,Grand Isle,MOVIE,,97,2019,0.0,4.6,4717.0
24750,tm845454,Amulet,MOVIE,R,99,2020,0.0,4.8,3544.0
24791,tm912353,A Nice Girl Like You,MOVIE,R,94,2020,0.0,5.1,4688.0
24811,tm824372,Babyteeth,MOVIE,,118,2019,0.0,7.2,15194.0
24837,tm845487,Spaceship Earth,MOVIE,,115,2020,0.0,6.4,1774.0
24857,tm816479,Running with the Devil,MOVIE,R,100,2019,0.0,5.4,7997.0
24871,tm824557,Two of Us,MOVIE,,99,2020,0.0,7.2,2699.0
24883,tm426638,Vita & Virginia,MOVIE,,110,2019,0.0,5.7,3767.0
24937,tm205927,The Death & Life of John F. Donovan,MOVIE,R,127,2019,0.0,6.1,6623.0
24955,tm454006,Better Days,MOVIE,,135,2019,0.0,7.5,8856.0
24999,tm518863,Buddy Games,MOVIE,R,90,2019,0.0,4.8,5721.0
25023,tm360957,Lost Girls & Love Hotels,MOVIE,R,97,2020,0.0,4.6,4266.0
25099,tm854861,You Cannot Kill David Arquette,MOVIE,R,91,2020,0.0,7.2,2014.0
25155,tm498901,The East,MOVIE,,137,2020,0.0,6.9,5108.0
25179,tm448749,Luce,MOVIE,R,109,2019,0.0,6.7,12718.0
25180,ts150511,The Most Dangerous Animal of All,SHOW,TV-14,44,2020,1.0,6.3,899.0
25207,tm370271,Seven Stages to Achieve Eternal Bliss,MOVIE,,93,2020,0.0,5.6,921.0
25231,tm922270,Minor Premise,MOVIE,,94,2020,0.0,5.9,2369.0
25245,tm266645,Mary,MOVIE,R,84,2019,0.0,4.5,4175.0
25248,tm817468,Missing 411: The Hunted,MOVIE,,97,2019,0.0,7.0,1732.0
25272,tm447857,A Million Little Pieces,MOVIE,R,113,2019,0.0,6.2,3140.0
25309,tm453549,Fyre Fraud,MOVIE,,96,2019,0.0,6.8,6374.0
25317,tm827863,James vs. His Future Self,MOVIE,,94,2019,0.0,5.9,929.0
25336,tm375430,Awoken,MOVIE,,87,2020,0.0,5.2,8571.0
25339,ts252756,Mr. Queen,SHOW,,71,2020,1.0,8.8,4448.0
25347,tm845565,The Mole Agent,MOVIE,,89,2020,0.0,7.6,8370.0
25355,tm467037,I Trapped the Devil,MOVIE,,84,2019,0.0,4.8,2695.0
25389,tm430160,Teen Spirit,MOVIE,PG-13,92,2019,0.0,6.1,8740.0
25400,tm824273,Wrinkles the Clown,MOVIE,,78,2019,0.0,4.8,1302.0
25431,tm995752,Follow Me,MOVIE,R,88,2020,0.0,5.4,10278.0
25442,ts89553,Astra Lost in Space,SHOW,TV-14,27,2019,2.0,8.0,1315.0
25488,tm376746,Diane,MOVIE,,96,2019,0.0,6.8,1502.0
25489,tm930024,Intersect,MOVIE,,119,2020,0.0,3.7,3698.0
25535,tm868412,Enforcement,MOVIE,,108,2020,0.0,6.5,5537.0
25572,tm446612,Untouchable,MOVIE,,98,2019,0.0,6.7,2835.0
25602,tm931962,Totally Under Control,MOVIE,,123,2020,0.0,7.6,3127.0
25628,tm452076,Angel of Mine,MOVIE,R,98,2019,0.0,6.3,10673.0
25649,tm845580,Wander Darkly,MOVIE,R,97,2020,0.0,5.7,1460.0
25670,tm462095,Crown Vic,MOVIE,R,110,2019,0.0,6.4,6912.0
25684,tm370208,Ode to Joy,MOVIE,R,98,2019,0.0,6.3,5727.0
25703,tm355894,The Unicorn,MOVIE,,88,2019,0.0,5.1,1119.0
25721,tm857933,The Secrets We Keep,MOVIE,R,97,2020,0.0,5.8,5655.0
25737,tm449199,The Sunlit Night,MOVIE,,82,2020,0.0,6.0,1720.0
25744,tm844344,100% Wolf,MOVIE,PG,96,2020,0.0,5.6,1674.0
25753,tm944009,The Other Side,MOVIE,,87,2020,0.0,5.3,1513.0
25772,tm449951,Corporate Animals,MOVIE,R,86,2019,0.0,4.4,3342.0
25773,ts254971,Deutschland 89,SHOW,TV-MA,50,2020,1.0,7.8,2594.0
25792,tm448856,The Amazing Johnathan Documentary,MOVIE,,94,2019,0.0,6.5,1516.0
25818,tm458745,The Day Shall Come,MOVIE,,87,2019,0.0,5.8,3777.0
25857,tm935081,Held,MOVIE,R,94,2020,0.0,5.2,2131.0
25874,tm921763,The Binge,MOVIE,,98,2020,0.0,5.2,3369.0
25895,tm1120015,Above the Shadows,MOVIE,,111,2019,0.0,6.0,2631.0
25933,tm448606,Clemency,MOVIE,R,112,2019,0.0,6.6,4316.0
25949,tm817928,Mister America,MOVIE,R,88,2019,0.0,6.4,1384.0
25969,tm372289,The Whistlers,MOVIE,,97,2019,0.0,6.4,5464.0
26011,tm857991,The Cave,MOVIE,,103,2019,0.0,5.7,965.0
26032,tm891840,Infamous,MOVIE,,100,2020,0.0,4.2,2952.0
26052,tm823545,Disappearance at Clifton Hill,MOVIE,,100,2020,0.0,5.5,2656.0
26085,tm410439,Out Stealing Horses,MOVIE,,123,2019,0.0,6.6,2546.0
26106,tm485814,Vanguard,MOVIE,PG-13,107,2020,0.0,4.7,5239.0
26131,tm827509,Trick,MOVIE,,100,2019,0.0,4.9,4862.0
26164,tm448803,To the Stars,MOVIE,,109,2019,0.0,6.2,1574.0
26183,tm454190,Knives and Skin,MOVIE,,111,2019,0.0,5.2,927.0
26191,tm456137,Premature,MOVIE,,86,2020,0.0,6.5,780.0
26204,tm980538,Modern Persuasion,MOVIE,,87,2020,0.0,4.9,550.0
26239,tm847684,Ip Man: Kung Fu Master,MOVIE,,82,2019,0.0,4.5,863.0
26260,tm463018,Depraved,MOVIE,,114,2019,0.0,5.4,1639.0
26261,ts223515,Live In Front of a Studio Audience,SHOW,TV-14,64,2019,1.0,8.1,14.0
26263,tm470598,Rewind,MOVIE,,86,2019,0.0,7.9,2164.0
26279,tm829342,Dear Comrades!,MOVIE,,121,2020,0.0,7.4,4481.0
26351,tm495020,Military Wives,MOVIE,PG-13,113,2019,0.0,6.5,4738.0
26356,tm947073,For Madmen Only: The Stories of Del Close,MOVIE,R,90,2020,0.0,6.9,153.0
26369,tm973337,Rams,MOVIE,PG-13,118,2020,0.0,6.4,2453.0
26393,tm880151,Bad Hair,MOVIE,,102,2020,0.0,5.5,3478.0
26395,ts229988,Southern Gothic,SHOW,TV-14,44,2020,1.0,7.0,105.0
26411,tm470574,Changing the Game,MOVIE,,88,2019,0.0,5.8,216.0
26433,tm890114,Cowboys,MOVIE,,83,2020,0.0,6.1,1233.0
26446,tm881144,Shit & Champagne,MOVIE,,91,2020,0.0,4.4,150.0
26469,tm463385,Framing John DeLorean,MOVIE,,109,2019,0.0,6.5,2287.0
26502,tm446844,Mike Wallace Is Here,MOVIE,PG-13,90,2019,0.0,7.4,838.0
26507,tm949903,Billie,MOVIE,,96,2020,0.0,6.8,723.0
26516,tm872661,We Are Freestyle Love Supreme,MOVIE,,90,2020,0.0,6.9,345.0
26526,tm939181,The Big Scary “S” Word,MOVIE,,85,2020,0.0,5.9,96.0
26539,tm939322,Kindred,MOVIE,,101,2020,0.0,5.1,1949.0
26579,ts219055,Stars Align,SHOW,TV-14,24,2019,1.0,7.4,448.0
26604,tm427368,Trespassers,MOVIE,,88,2019,0.0,5.0,2714.0
26606,tm486429,Red Dog,MOVIE,R,105,2019,0.0,6.8,424.0
26663,tm431344,Meeting Gorbachev,MOVIE,,95,2019,0.0,7.2,2225.0
26683,tm456161,The Brink,MOVIE,R,91,2019,0.0,6.2,774.0
26741,tm980519,Knuckledust,MOVIE,,105,2020,0.0,4.7,554.0
26765,tm488342,The Roads Not Taken,MOVIE,R,85,2020,0.0,5.2,2181.0
26795,tm449057,Cold Case Hammarskjöld,MOVIE,,129,2019,0.0,7.5,2494.0
26806,tm824569,Red Penguins,MOVIE,PG-13,80,2019,0.0,6.8,606.0
26823,ts225974,Hillary,SHOW,TV-PG,61,2020,1.0,6.6,2569.0
26867,tm850209,Love Sarah,MOVIE,,97,2020,0.0,6.1,2361.0
26870,ts188938,"Oh Jerome, No",SHOW,,12,2019,1.0,7.9,226.0
26881,tm919877,I Am Greta,MOVIE,,97,2020,0.0,7.7,7792.0
26892,tm469222,Bull,MOVIE,R,105,2020,0.0,6.9,5325.0
26922,tm371540,The Mountain,MOVIE,,106,2019,0.0,5.5,1565.0
26979,tm891475,The Good Traitor,MOVIE,,116,2020,0.0,6.4,918.0
26990,tm921388,Crock of Gold: A Few Rounds With Shane MacGowan,MOVIE,,124,2020,0.0,7.8,1320.0
27013,tm471635,Killers Anonymous,MOVIE,R,95,2019,0.0,4.4,11835.0
27033,tm499143,The Rest of Us,MOVIE,,80,2019,0.0,6.2,998.0
27052,tm811972,Into the Ashes,MOVIE,,98,2019,0.0,5.2,4875.0
27064,tm445988,The Sound of Silence,MOVIE,,84,2019,0.0,5.7,1322.0
27085,tm426354,Exit Plan,MOVIE,,90,2019,0.0,5.1,1556.0
27101,tm446608,Toni Morrison: The Pieces I Am,MOVIE,PG-13,119,2019,0.0,7.6,734.0
27132,tm920794,A Murder to Remember,MOVIE,,85,2020,0.0,4.8,374.0
27204,tm448817,Judy & Punch,MOVIE,,105,2019,0.0,6.0,2647.0
27238,tm346181,Endless,MOVIE,,95,2020,0.0,4.7,8.0
27260,tm886161,Bad Therapy,MOVIE,,98,2020,0.0,4.3,843.0
27282,tm449310,An Acceptable Loss,MOVIE,R,102,2019,0.0,5.4,1391.0
27290,tm463140,The Quiet One,MOVIE,,97,2019,0.0,7.1,319.0
27301,tm820249,The Dustwalker,MOVIE,PG-13,92,2020,0.0,3.7,1421.0
27370,tm855077,Best Summer Ever,MOVIE,,72,2020,0.0,5.1,126.0
27389,tm902325,The Big Ugly,MOVIE,R,106,2020,0.0,5.2,5930.0
27467,tm428788,Top End Wedding,MOVIE,,113,2019,0.0,6.3,2024.0
27482,tm446576,Sea of Shadows,MOVIE,PG-13,104,2019,0.0,7.3,668.0
27502,tm831326,Radioflash,MOVIE,,103,2019,0.0,4.9,5403.0
27514,ts190954,Utopia Falls,SHOW,TV-PG,45,2020,1.0,4.9,1820.0
27525,ts89552,"Demon Lord, Retry!",SHOW,TV-14,23,2019,1.0,6.7,774.0
27526,tm686008,Slay the Dragon,MOVIE,PG-13,101,2019,0.0,7.0,429.0
27536,tm463809,Pink Wall,MOVIE,,81,2019,0.0,5.9,522.0
27549,tm1035216,Silo,MOVIE,,76,2019,0.0,5.9,244.0
27559,ts252716,More Than Friends,SHOW,,68,2020,1.0,6.7,351.0
27571,tm458488,Body at Brighton Rock,MOVIE,R,88,2019,0.0,4.8,2219.0
27592,tm447094,Madonna and the Breakfast Club,MOVIE,,105,2019,0.0,6.5,456.0
27594,tm476601,Show Me the Picture: The Story of Jim Marshall,MOVIE,,92,2019,0.0,7.2,137.0
27615,tm833337,5 Years Apart,MOVIE,,96,2019,0.0,5.5,244.0
27616,tm919945,Notturno,MOVIE,,100,2020,0.0,6.6,1102.0
27625,tm449223,Ask Dr. Ruth,MOVIE,,100,2019,0.0,7.7,1010.0
27630,tm990551,Centigrade,MOVIE,,89,2020,0.0,4.3,3837.0
27644,ts220175,Buried Secrets of WWII,SHOW,TV-14,44,2019,1.0,7.5,43.0
27682,tm350997,Out of Blue,MOVIE,,109,2019,0.0,4.8,1891.0
27688,tm824561,The Obituary of Tunde Johnson,MOVIE,,104,2019,0.0,5.7,560.0
27694,tm463409,Autonomy,MOVIE,PG,80,2019,0.0,6.6,122.0
27702,tm465405,The Place of No Words,MOVIE,,95,2019,0.0,5.4,276.0
27721,tm995994,The Ascent,MOVIE,R,103,2020,0.0,4.4,2435.0
27728,tm840381,A Christmas Movie Christmas,MOVIE,G,90,2019,0.0,5.6,1211.0
27744,tm949104,Sister of the Groom,MOVIE,R,92,2020,0.0,4.6,592.0
27770,ts88979,Afterlost,SHOW,,23,2019,1.0,5.2,128.0
27783,tm413562,Spy Cat,MOVIE,PG,84,2019,0.0,5.5,1106.0
27800,tm853690,Dirt Music,MOVIE,PG-13,105,2019,0.0,5.2,750.0
27801,tm469264,The Emoji Story,MOVIE,,81,2020,0.0,5.7,52.0
27811,tm882703,Carrion,MOVIE,,72,2020,0.0,2.9,300.0
27871,tm866795,Swimming for Gold,MOVIE,,91,2020,0.0,5.4,486.0
27888,tm457972,Astro Kid,MOVIE,PG,90,2019,0.0,6.6,1771.0
27895,tm920008,Odd Man Rush,MOVIE,,85,2020,0.0,5.4,318.0
27906,tm885774,Braking for Whales,MOVIE,,103,2019,0.0,4.9,418.0
27919,tm371616,This One's for the Ladies,MOVIE,NC-17,83,2019,0.0,4.9,151.0
27931,tm453601,Daffodils,MOVIE,,93,2019,0.0,5.9,351.0
27944,ts257411,Pikwik Pack,SHOW,TV-Y,12,2020,1.0,8.6,56.0
27953,tm810339,How to Fake a War,MOVIE,,82,2020,0.0,4.4,359.0
27979,ts224886,Listeners,SHOW,TV-14,24,2020,1.0,5.1,125.0
27981,tm876050,Ottolenghi and the Cakes of Versailles,MOVIE,,75,2020,0.0,6.0,134.0
27994,ts88978,Mix: Meisei Story,SHOW,,23,2019,1.0,7.3,61.0
28022,ts90021,My Absolute Boyfriend,SHOW,,34,2019,1.0,7.1,293.0
28047,ts222360,Infinite Dendrogram,SHOW,TV-14,23,2020,1.0,5.9,361.0
28085,tm840039,Margaret Atwood: A Word After a Word After a Word Is Power,MOVIE,,94,2019,0.0,7.6,378.0
28092,tm960317,Nasrin,MOVIE,,92,2020,0.0,8.5,77.0
28108,tm955674,The Jinkx and DeLa Holiday Special,MOVIE,,65,2020,0.0,7.6,405.0
28120,tm547275,The Cat and the Moon,MOVIE,,114,2019,0.0,5.9,457.0
28136,tm449205,The Tomorrow Man,MOVIE,PG-13,94,2019,0.0,5.8,1762.0
28147,tm477689,Life Without Basketball,MOVIE,PG,98,2019,0.0,6.9,26.0
28223,tm827093,VHYes,MOVIE,,72,2020,0.0,5.9,736.0
28248,tm484978,Kindred Spirits,MOVIE,,93,2019,0.0,5.0,906.0
28274,tm872079,Sugar Baby Murder,MOVIE,,90,2020,0.0,4.3,267.0
28285,tm230986,Pretenders,MOVIE,,95,2019,0.0,4.9,548.0
28291,tm824283,The Elfkins,MOVIE,PG,78,2019,0.0,6.0,375.0
28298,tm935938,The Standard,MOVIE,,91,2020,0.0,7.0,85.0
28309,tm429641,Next Level,MOVIE,,95,2019,0.0,3.8,136.0
28323,tm499417,Cunningham,MOVIE,PG,93,2019,0.0,6.5,398.0
28373,tm857468,The Legend of Baron To'a,MOVIE,,103,2020,0.0,6.4,329.0
28410,tm908410,Search and Destroy,MOVIE,,92,2020,0.0,2.8,396.0
28435,ts89563,Cop Craft,SHOW,TV-MA,23,2019,1.0,6.6,402.0
28453,tm946897,Who Is Killing the Cheerleaders?,MOVIE,,86,2020,0.0,5.1,196.0
28472,tm466183,CRSHD,MOVIE,,81,2019,0.0,4.5,356.0
28481,ts233979,Attaway General,SHOW,TV-Y7,13,2020,3.0,1.0,2526.0
28485,tm919338,Naughty Books,MOVIE,,82,2020,0.0,6.1,75.0
28487,tm455480,Superpower Dogs,MOVIE,G,45,2019,0.0,7.7,281.0
28491,tm347723,The Rape of Recy Taylor,MOVIE,,91,2019,0.0,6.4,617.0
28492,tm476606,Who Let the Dogs Out,MOVIE,PG-13,70,2019,0.0,7.3,174.0
28511,tm456155,Sister Aimee,MOVIE,,87,2019,0.0,5.0,206.0
28527,tm810213,Astronaut,MOVIE,PG,98,2019,0.0,5.9,842.0
28528,ts250846,The School That Tried To End Racism,SHOW,,47,2019,1.0,4.7,95.0
28536,tm920871,The Complex: Lockdown,MOVIE,,79,2020,0.0,3.8,304.0
28545,ts221303,Stand My Heroes: Piece of Truth,SHOW,,24,2019,1.0,6.9,54.0
28550,tm448765,Jawline,MOVIE,,99,2019,0.0,6.1,535.0
28561,tm471874,Zoo-Head,MOVIE,,80,2019,0.0,3.6,173.0
28575,tm883220,Here Awhile,MOVIE,,83,2019,0.0,5.5,239.0
28594,tm870610,Cheer Squad Secrets,MOVIE,,89,2020,0.0,4.7,189.0
28606,tm811148,2099: The Soldier Protocol,MOVIE,,85,2019,0.0,3.7,501.0
28617,tm464026,Drag Kids,MOVIE,,79,2019,0.0,4.9,222.0
28632,ts88043,Quarter Life Poetry,SHOW,,3,2019,1.0,8.7,42.0
28640,tm832728,A Christmas Crush,MOVIE,,87,2019,0.0,4.5,546.0
28654,tm813396,A Christmas Hero,MOVIE,,85,2020,0.0,4.4,277.0
28661,tm847329,12 Pups of Christmas,MOVIE,PG,90,2019,0.0,4.2,602.0
28670,tm906806,Take Out Girl,MOVIE,,100,2020,0.0,5.4,261.0
28676,tm472192,Good Kisser,MOVIE,,74,2019,0.0,4.3,361.0
28691,tm918415,The Stand: How One Gesture Shook the World,MOVIE,,69,2020,0.0,6.8,15.0
28709,tm472755,Rattlesnakes,MOVIE,,85,2019,0.0,5.5,444.0
28723,tm819532,And We Go Green,MOVIE,,99,2019,0.0,6.8,210.0
28742,tm915483,Born to Play,MOVIE,,92,2020,0.0,6.6,64.0
28749,ts213825,The Bravest Knight,SHOW,TV-Y7,11,2019,1.0,6.3,110.0
28756,tm460633,Deep in Vogue,MOVIE,,61,2019,0.0,6.3,82.0
28772,tm541874,Fly Like a Girl,MOVIE,,84,2019,0.0,7.9,192.0
28773,tm934516,Dear Santa,MOVIE,,82,2020,0.0,6.5,106.0
28778,tm811868,Own the Sky,MOVIE,,90,2019,0.0,7.0,51.0
28851,tm372685,Death on the Nile,MOVIE,PG-13,127,2022,0.0,6.6,18325.0
28901,tm1063435,Pig,MOVIE,R,91,2021,0.0,6.9,63927.0
28971,tm855362,Nightmare Alley,MOVIE,R,150,2021,0.0,7.1,119740.0
29077,tm434720,The King's Man,MOVIE,R,131,2021,0.0,6.4,60394.0
29097,tm1138043,Fresh,MOVIE,R,114,2022,0.0,6.7,36281.0
29152,tm1149859,Deep Water,MOVIE,R,116,2022,0.0,5.4,34465.0
29180,tm833881,Titane,MOVIE,R,108,2021,0.0,6.6,38691.0
29188,tm1125868,The Hating Game,MOVIE,R,102,2021,0.0,6.2,10916.0
29245,tm319299,Benedetta,MOVIE,,131,2021,0.0,6.8,15618.0
29269,tm1034006,Spencer,MOVIE,R,117,2021,0.0,6.7,56835.0
29297,tm983665,"Summer of Soul (...Or, When the Revolution Could Not Be Televised)",MOVIE,PG-13,117,2021,0.0,8.0,10178.0
29327,tm1150384,No Exit,MOVIE,R,96,2022,0.0,6.1,17535.0
29337,tm983877,Mass,MOVIE,PG-13,111,2021,0.0,7.6,11171.0
29366,tm989220,Willy's Wonderland,MOVIE,,88,2021,0.0,5.5,26660.0
29418,tm983678,Flee,MOVIE,PG-13,89,2021,0.0,8.0,9964.0
29434,tm1185416,Crush,MOVIE,,92,2022,0.0,6.1,2219.0
29444,tm999841,WeWork: or The Making and Breaking of a $47 Billion Unicorn,MOVIE,,104,2021,0.0,6.6,2813.0
29512,tm577903,Barb and Star Go to Vista Del Mar,MOVIE,PG-13,107,2021,0.0,6.3,16180.0
29550,tm1000070,Bad Luck Banging or Loony Porn,MOVIE,,106,2021,0.0,6.6,6465.0
29595,tm240626,Chaos Walking,MOVIE,PG-13,109,2021,0.0,5.7,43795.0
29629,tm1108506,Last Survivors,MOVIE,,98,2022,0.0,4.6,1234.0
29688,tm983745,Censor,MOVIE,,84,2021,0.0,6.0,13263.0
29712,tm940021,The Beta Test,MOVIE,,93,2021,0.0,6.1,4064.0
29735,tm999994,I'm Your Man,MOVIE,R,108,2021,0.0,7.1,6668.0
29761,tm323106,The Boss Baby: Family Business,MOVIE,PG,107,2021,0.0,5.9,16611.0
29774,tm939095,In the Earth,MOVIE,R,107,2021,0.0,5.2,7453.0
29787,tm1018110,Kurt Vonnegut: Unstuck in Time,MOVIE,,127,2021,0.0,7.9,524.0
29826,tm406724,Boss Level,MOVIE,R,94,2021,0.0,6.8,62596.0
29858,tm1112198,One Shot,MOVIE,,97,2021,0.0,5.6,3677.0
29868,tm999916,The Feast,MOVIE,,93,2021,0.0,5.4,1791.0
29878,tm1124262,American Sicario,MOVIE,R,101,2021,0.0,6.3,10301.0
29898,tm852848,Bergman Island,MOVIE,R,113,2021,0.0,6.7,4951.0
29905,tm1093305,Together,MOVIE,R,92,2021,0.0,6.3,3552.0
29921,tm1129624,Multiverse,MOVIE,R,93,2021,0.0,4.1,407.0
29934,tm1042301,Agnes,MOVIE,,93,2021,0.0,4.0,1014.0
29964,tm1019676,Swan Song,MOVIE,,105,2021,0.0,7.0,1970.0
29993,tm1119600,Small Engine Repair,MOVIE,R,102,2021,0.0,6.5,2937.0
30000,tm845764,Some Kind of Heaven,MOVIE,,83,2021,0.0,7.2,2441.0
30022,tm1075109,The Jesus Music,MOVIE,PG-13,109,2021,0.0,7.0,333.0
30032,tm1043520,Ride the Eagle,MOVIE,,89,2021,0.0,6.4,2171.0
30052,tm845746,Four Good Days,MOVIE,R,100,2021,0.0,6.4,6040.0
30073,tm999993,Gaia,MOVIE,R,97,2021,0.0,5.5,4685.0
30093,tm837025,Spirit Untamed,MOVIE,PG,88,2021,0.0,5.5,3447.0
30105,tm1043055,We Need to Do Something,MOVIE,,97,2021,0.0,4.5,2315.0
30113,tm1041092,Settlers,MOVIE,,103,2021,0.0,4.7,4564.0
30144,tm983789,Together Together,MOVIE,R,90,2021,0.0,6.4,6296.0
30151,tm935124,The Last Rite,MOVIE,,107,2021,0.0,3.5,525.0
30171,tm865153,Die in a Gunfight,MOVIE,R,92,2021,0.0,4.4,2401.0
30195,tm1046972,Vacation Friends,MOVIE,R,103,2021,0.0,6.3,20504.0
30208,tm1000601,Night Raiders,MOVIE,,97,2021,0.0,5.2,683.0
30234,tm1116539,Mother/Android,MOVIE,R,111,2021,0.0,4.8,17575.0
30263,tm991184,Plan B,MOVIE,,107,2021,0.0,6.7,3242.0
30280,tm1038528,Monster Family 2,MOVIE,PG,103,2021,0.0,4.7,597.0
30332,tm845481,The Nowhere Inn,MOVIE,,92,2021,0.0,5.7,1018.0
30364,tm465863,False Positive,MOVIE,R,93,2021,0.0,4.7,5085.0
30367,tm983732,"All Light, Everywhere",MOVIE,,109,2021,0.0,7.0,588.0
30406,tm919867,"Quo Vadis, Aida?",MOVIE,,101,2021,0.0,8.0,31596.0
30420,tm1029463,Trigger Point,MOVIE,,82,2021,0.0,4.9,2257.0
30436,tm1087872,The First Wave,MOVIE,R,94,2021,0.0,7.0,822.0
30505,tm927830,The United States vs. Billie Holiday,MOVIE,R,131,2021,0.0,6.2,12576.0
30514,tm373742,The World to Come,MOVIE,R,105,2021,0.0,6.3,7434.0
30517,ts277352,"McCartney 3,2,1",SHOW,TV-14,29,2021,1.0,8.7,2676.0
30533,tm983639,Mayday,MOVIE,,100,2021,0.0,4.1,1163.0
30535,ts288182,9/11: One Day in America,SHOW,TV-MA,49,2021,1.0,9.3,2823.0
30546,tm1142094,American Siege,MOVIE,R,90,2022,0.0,3.4,1319.0
30569,tm471779,Fear of Rain,MOVIE,PG-13,109,2021,0.0,5.9,7209.0
30578,tm998574,A Glitch in the Matrix,MOVIE,,108,2021,0.0,5.3,1779.0
30579,tm850473,Gunda,MOVIE,G,93,2021,0.0,7.2,2183.0
30599,tm375502,Falling for Figaro,MOVIE,,105,2021,0.0,6.4,1982.0
30627,tm949945,Silk Road,MOVIE,R,112,2021,0.0,5.9,5291.0
30656,tm1023115,Every Breath You Take,MOVIE,R,105,2021,0.0,5.3,4913.0
30668,tm1089391,Hell Hath No Fury,MOVIE,R,94,2021,0.0,5.3,1828.0
30675,tm1062672,India Sweets and Spices,MOVIE,PG-13,101,2021,0.0,5.9,484.0
30700,tm1029522,The Virtuoso,MOVIE,R,105,2021,0.0,4.9,6693.0
30727,tm1076747,Yakuza Princess,MOVIE,R,112,2021,0.0,4.7,1377.0
30748,tm990043,Out of Death,MOVIE,R,95,2021,0.0,3.2,4571.0
30750,ts285048,Sasquatch,SHOW,TV-MA,45,2021,1.0,6.3,1362.0
30772,tm941594,The Night,MOVIE,,105,2021,0.0,5.5,2687.0
30783,tm1172125,OLIVIA RODRIGO: driving home 2 u (a SOUR film),MOVIE,PG-13,76,2022,0.0,7.4,525.0
30794,tm920276,MLK/FBI,MOVIE,PG,104,2021,0.0,7.0,1430.0
30805,tm949731,Fireheart,MOVIE,,92,2022,0.0,6.2,632.0
30833,tm1030046,The Resort,MOVIE,,75,2021,0.0,3.1,2443.0
30843,tm1036659,Italian Studies,MOVIE,,81,2022,0.0,4.8,414.0
30854,tm1137344,Sex Appeal,MOVIE,,90,2022,0.0,5.2,1747.0
30878,tm1066912,Pharma Bro,MOVIE,,85,2021,0.0,5.0,524.0
30891,tm879065,Lantern's Lane,MOVIE,,95,2021,0.0,3.2,461.0
30893,tm888977,Enemies of the State,MOVIE,,103,2021,0.0,6.1,570.0
30899,tm1047388,The Year of the Everlasting Storm,MOVIE,,115,2021,0.0,5.8,206.0
30948,tm918694,Beans,MOVIE,,92,2021,0.0,6.9,663.0
30963,tm919972,Night of the Kings,MOVIE,,90,2021,0.0,6.6,2264.0
31006,tm919911,The Man Who Sold His Skin,MOVIE,PG-13,104,2021,0.0,7.0,5395.0
31017,ts302190,The Big Leap,SHOW,TV-14,44,2021,1.0,7.5,2369.0
31023,tm999825,Charli XCX: Alone Together,MOVIE,PG-13,67,2022,0.0,5.8,270.0
31025,tm881165,Stray,MOVIE,,72,2021,0.0,6.9,1378.0
31053,tm999934,kid 90,MOVIE,PG-13,71,2021,0.0,6.8,2875.0
31074,tm976189,Then Came You,MOVIE,PG-13,94,2021,0.0,6.0,1754.0
31087,tm878904,We Broke Up,MOVIE,,80,2021,0.0,4.9,1070.0
31096,tm996866,Dark Web: Cicada 3301,MOVIE,R,104,2021,0.0,4.9,1720.0
31130,tm548937,American Night,MOVIE,R,123,2021,0.0,5.4,2866.0
31143,ts274203,Insânia,SHOW,,35,2021,1.0,4.6,239.0
31155,tm851176,High Ground,MOVIE,,104,2021,0.0,6.5,1886.0
31158,tm990852,Captains of Za'atari,MOVIE,,73,2021,0.0,7.1,84.0
31181,tm825563,Stars Fell on Alabama,MOVIE,PG-13,103,2021,0.0,5.5,801.0
31195,tm1034994,Moby Doc,MOVIE,,92,2021,0.0,7.1,881.0
31211,tm1028041,Stop and Go,MOVIE,,80,2021,0.0,6.0,387.0
31224,tm1029799,Edge of the World,MOVIE,PG-13,104,2021,0.0,5.2,1911.0
31238,tm1040227,Rogue Hostage,MOVIE,,94,2021,0.0,3.3,2058.0
31268,tm1129610,Dead Asleep,MOVIE,,86,2021,0.0,5.7,408.0
31301,tm1001912,Trust,MOVIE,,94,2021,0.0,5.3,1705.0
31302,tm1037013,The Loneliest Whale: The Search for 52,MOVIE,PG,96,2021,0.0,6.6,290.0
31314,tm1069278,Crime Story,MOVIE,R,98,2021,0.0,3.7,595.0
31328,tm1043790,Let Us In,MOVIE,,84,2021,0.0,4.2,526.0
31342,tm1058043,Ted Bundy: American Boogeyman,MOVIE,,110,2021,0.0,3.7,991.0
31343,tm1082861,Oscar Peterson: Black + White,MOVIE,PG,81,2021,0.0,7.3,96.0
31357,tm976923,Born a Champion,MOVIE,R,111,2021,0.0,6.8,3686.0
31375,tm1073705,Playing God,MOVIE,,96,2021,0.0,5.3,780.0
31391,tm939986,The Estate,MOVIE,R,85,2021,0.0,4.6,320.0
31398,tm1042526,Death in Texas,MOVIE,,102,2021,0.0,5.6,555.0
31453,tm985594,Dr. Bird's Advice for Sad Poets,MOVIE,R,109,2021,0.0,6.0,667.0
31462,tm974862,The Meaning of Hitler,MOVIE,,92,2021,0.0,6.2,274.0
31475,tm997957,Safer at Home,MOVIE,R,82,2021,0.0,4.0,3509.0
31480,tm1065189,BLACKPINK: The Movie,MOVIE,PG,99,2021,0.0,6.9,1009.0
31499,tm983701,Ailey,MOVIE,PG-13,94,2021,0.0,6.9,212.0
31516,tm983721,First Date,MOVIE,,103,2021,0.0,5.3,588.0
31525,tm996448,The Right One,MOVIE,R,95,2021,0.0,5.1,484.0
31534,tm1063319,Snakehead,MOVIE,,89,2021,0.0,5.1,702.0
31549,tm899139,The Ogglies,MOVIE,PG,85,2021,0.0,5.1,227.0
31554,ts286374,Greta Thunberg: A Year to Change the World,SHOW,TV-PG,58,2021,1.0,4.8,556.0
31565,tm1022761,Dreamcatcher,MOVIE,,108,2021,0.0,2.5,700.0
31572,tm1040729,Feral State,MOVIE,R,78,2021,0.0,6.3,2658.0
31583,tm1137644,Harmony From The Heart,MOVIE,G,85,2022,0.0,6.3,311.0
31601,tm949869,Phobias,MOVIE,R,85,2021,0.0,3.6,945.0
31611,tm1075642,You Can't Kill Meme,MOVIE,,78,2021,0.0,3.7,94.0
31624,tm370934,The Dunes,MOVIE,,84,2021,0.0,4.1,104.0
31627,tm1076731,Homeroom,MOVIE,,90,2021,0.0,5.4,245.0
31661,tm934352,Monuments,MOVIE,,94,2021,0.0,4.4,175.0
31688,tm983969,The Ultimate Playlist of Noise,MOVIE,,99,2021,0.0,6.6,913.0
31702,tm1108139,Sanak,MOVIE,,117,2021,0.0,6.7,8904.0
31703,tm896043,Jacinta,MOVIE,,105,2021,0.0,7.4,300.0
31704,tm1042413,Her Name Is Chef,MOVIE,,99,2021,0.0,5.6,42.0
31715,ts230778,A3,SHOW,,77,2021,1.0,8.6,7.0
31731,tm975258,Felix and the Treasure of Morgäa,MOVIE,PG,85,2021,0.0,5.5,332.0
31748,tm879030,Cupid for Christmas,MOVIE,PG,87,2021,0.0,5.5,150.0
31766,tm1066925,Venus as a Boy,MOVIE,R,104,2021,0.0,3.9,147.0
31772,ts322832,Ronningmaen: Ttwineun Nom Wie Noneun Nom,SHOW,,40,2021,1.0,7.4,14.0
31784,tm918576,The Ape Star,MOVIE,PG,75,2021,0.0,6.1,99.0
31787,ts290117,Nine Films About Technology,SHOW,TV-MA,11,2021,1.0,7.3,182.0
31801,tm1111028,Madagascar: A Little Wild Holiday Goose Chase,MOVIE,G,24,2021,0.0,4.8,41.0
31802,ts635,Comedy Central Presents,SHOW,TV-14,24,1998,15.0,8.0,1141.0
31803,ts1770,Digimon Adventure 02,SHOW,TV-G,21,2000,2.0,7.4,1650.0
31804,ts15069,The FBI Files,SHOW,TV-PG,50,1998,7.0,7.9,1145.0
31805,ts51570,The New Detectives,SHOW,TV-PG,52,1996,9.0,7.8,562.0
31806,ts1574,The First 48,SHOW,TV-14,44,2004,21.0,8.2,3597.0
31807,ts24065,Hoarders,SHOW,TV-14,51,2009,13.0,6.5,3053.0
31808,ts15745,Bad Girls Club,SHOW,TV-14,40,2006,17.0,4.7,2727.0
31809,ts241772,Wife Swap,SHOW,TV-14,42,2004,9.0,4.5,1870.0
31810,ts15210,Deadly Women,SHOW,TV-14,44,2005,14.0,7.9,1797.0
31811,ts35706,Celebrity Love Island,SHOW,,48,2005,2.0,2.3,138.0
31812,ts22252,Unusual Suspects,SHOW,TV-14,43,2010,9.0,7.6,896.0
31813,ts8365,"Drugs, Inc.",SHOW,TV-14,46,2010,9.0,7.8,1376.0
31815,ts40126,Missing,SHOW,,39,2010,1.0,7.4,133.0
31816,ts18979,Daisy of Love,SHOW,TV-14,44,2009,1.0,4.4,516.0
31817,ts56589,Tayo the Little Bus,SHOW,TV-Y,11,2010,6.0,5.2,156.0
31818,ts83895,Full Metal Panic! The Second Raid,SHOW,TV-14,23,2005,2.0,7.7,5431.0
31819,ts24184,Nostradamus Effect,SHOW,,44,2009,1.0,5.0,209.0
31820,ts5961,College Hill,SHOW,TV-14,22,2004,6.0,5.0,138.0
31821,ts60269,NASA 360,SHOW,,24,2010,2.0,7.6,7.0
31822,ts52282,La Diosa Coronada,SHOW,,41,2010,1.0,7.5,25.0
31823,tm102863,Fafner in the Azure: Dead Aggressor - Heaven and Earth,MOVIE,,95,2010,0.0,6.4,69.0
31824,ts18557,Baldwin Hills,SHOW,TV-14,21,2007,3.0,4.3,150.0
31825,ts6179,Celebrity Wife Swap,SHOW,TV-PG,43,2012,4.0,4.3,543.0
31826,ts26847,Up to Speed,SHOW,TV-14,26,2012,1.0,6.4,146.0
31827,ts191698,Little Baby Bum,SHOW,TV-Y,5,2011,4.0,6.4,94.0
31828,ts945,Basketball Wives LA,SHOW,TV-14,42,2011,6.0,3.9,331.0
31829,ts17103,Battleground,SHOW,,26,2012,1.0,9.5,12.0
31830,ts10230,Dead Boss,SHOW,TV-14,32,2012,1.0,6.4,600.0
31831,ts98053,The Bomber,SHOW,,50,2012,1.0,8.8,16.0
31833,ts138829,PoliticKING with Larry King,SHOW,TV-14,26,2012,5.0,5.3,39.0
31834,ts170415,Chiquis 'n Control,SHOW,TV-PG,42,2012,1.0,8.5,19.0
31835,ts20891,Naked and Afraid,SHOW,TV-14,48,2013,14.0,6.5,4036.0
31836,ts56313,Pokémon the Series: XY,SHOW,TV-Y7,21,2013,3.0,7.5,41528.0
31837,ts32253,The Killer Speaks,SHOW,TV-14,43,2013,2.0,7.4,303.0
31838,ts36731,Little Women: LA,SHOW,TV-14,41,2014,8.0,5.6,722.0
31839,ts55634,Obsession: Dark Desires,SHOW,TV-14,44,2014,5.0,7.3,475.0
31840,ts43901,Acapulco Shore,SHOW,TV-MA,48,2014,9.0,2.9,138.0
31841,ts35453,Wander Over Yonder,SHOW,TV-Y7,18,2013,2.0,7.2,4199.0
31842,ts20271,Love & Hip Hop Hollywood,SHOW,TV-14,41,2014,6.0,4.9,396.0
31843,ts521,Black Ink Crew New York,SHOW,TV-14,41,2013,9.0,4.6,459.0
31844,ts34215,Married to Medicine,SHOW,TV-14,43,2013,8.0,5.3,364.0
31845,ts32187,Quick Draw,SHOW,TV-14,23,2013,2.0,7.7,1467.0
31846,ts159161,The Comeback Kids,SHOW,,7,2014,1.0,7.4,22.0
31847,ts156426,The Apartment,SHOW,TV-14,41,2013,6.0,4.4,125.0
31848,ts143671,Tom Kerridge's Best Ever Dishes,SHOW,,29,2014,1.0,7.3,10.0
31850,ts133860,With All Due Respect,SHOW,,35,2014,1.0,8.4,19.0
31852,ts37143,Alone,SHOW,TV-MA,48,2015,8.0,8.4,4622.0
31853,ts80756,Alice in Paris,SHOW,TV-G,5,2016,2.0,8.7,179.0
31854,ts53041,The 1980s: The Deadliest Decade,SHOW,,42,2016,2.0,8.0,177.0
31855,ts35788,Major Lazer,SHOW,TV-MA,12,2015,1.0,7.5,834.0
31856,ts38747,"Underworld, Inc.",SHOW,TV-14,43,2015,2.0,6.9,201.0
31857,ts37139,Seven Year Switch,SHOW,TV-14,49,2015,3.0,4.8,20.0
31858,ts43487,Sky Wizards Academy,SHOW,TV-PG,24,2015,1.0,6.6,427.0
31859,ts79788,The Riveras,SHOW,TV-PG,43,2016,4.0,7.7,34.0
31862,ts80757,Home to Win,SHOW,,46,2016,4.0,5.4,18.0
31863,ts113169,Boonie Bears: Spring Into Action,SHOW,,13,2015,1.0,6.8,10.0
31864,ts130271,Hello World!,SHOW,TV-PG,21,2016,1.0,7.5,11.0
31865,ts98276,Rosaline,SHOW,TV-Y7,4,2016,1.0,7.4,9.0
31866,ts115839,The Insider: Reggie Yates,SHOW,,52,2016,2.0,7.1,42.0
31868,ts76019,Worst to First,SHOW,,44,2017,2.0,7.1,44.0
31869,ts93910,Hitler's Last Stand,SHOW,TV-14,43,2018,3.0,6.3,150.0
31871,ts104963,Struggle Meals,SHOW,TV-G,22,2018,7.0,8.7,64.0
31872,ts215643,Killer in Plain Sight,SHOW,TV-14,21,2018,1.0,7.5,47.0
31873,ts95880,The Baker Sisters,SHOW,,22,2017,1.0,8.7,7.0
31874,ts116119,Monchhichi Tribe,SHOW,,11,2017,2.0,6.5,38.0
31875,ts56365,Blue Exorcist: Kyoto Saga,SHOW,TV-14,24,2017,1.0,7.4,2342.0
31876,ts122150,Murder on the Internet,SHOW,,43,2017,1.0,6.5,47.0
31877,ts118072,My Sordid Affair,SHOW,,42,2017,1.0,6.6,36.0
31878,ts278613,Basic Versus Baller: Travel at Any Cost,SHOW,,21,2018,1.0,7.4,24.0
31879,ts75228,Black Love,SHOW,TV-14,40,2017,5.0,6.1,386.0
31881,tm514658,Saving Atlantis,MOVIE,,90,2018,0.0,8.4,14.0
31883,ts234113,Tasty's Making It Big,SHOW,,14,2018,1.0,7.3,12.0
31885,ts84080,Absolutely Ascot,SHOW,,44,2018,2.0,5.3,8.0
31886,ts107993,Born Behind Bars,SHOW,TV-14,42,2017,1.0,8.4,44.0
31887,ts111621,Psychotown,SHOW,,3,2018,2.0,7.4,32.0
31889,ts107359,pocket.watch Ryan Toys Review Ultimate mishmash,SHOW,TV-G,22,2018,1.0,3.1,19.0
31890,ts76538,Larrymania,SHOW,,43,2017,1.0,5.9,9.0
31893,ts117500,"Bad Habits, Holy Orders",SHOW,,45,2017,1.0,6.9,67.0
31896,ts75556,Dress to Impress,SHOW,,45,2017,1.0,6.0,26.0
31897,ts109518,La Culpa Es De Cortés,SHOW,,52,2017,1.0,6.8,6.0
31898,ts256020,Weakest Link,SHOW,,43,2020,2.0,6.9,468.0
31899,ts312195,The Devil You Know,SHOW,TV-MA,43,2019,2.0,7.0,681.0
31900,ts269696,Killer Cases,SHOW,TV-14,43,2020,2.0,7.4,97.0
31901,ts213527,Monsterland,SHOW,TV-MA,50,2020,1.0,5.6,2712.0
31902,ts236729,Accused: Guilty or Innocent?,SHOW,TV-14,46,2020,2.0,8.2,225.0
31904,ts232913,Alone: The Beast,SHOW,TV-PG,42,2020,1.0,5.6,186.0
31905,ts286241,Madagascar: A Little Wild,SHOW,TV-Y,23,2020,7.0,5.6,195.0
31908,ts284726,Trolls: TrollsTopia,SHOW,TV-Y7,24,2020,6.0,7.3,115.0
31909,ts256200,City So Real,SHOW,,67,2020,1.0,7.6,276.0
31910,ts222447,Taken at Birth,SHOW,TV-14,44,2019,1.0,8.3,192.0
31911,ts100344,Marrying Millions,SHOW,TV-14,41,2019,2.0,5.0,187.0
31912,ts222807,Kings of Pain,SHOW,TV-14,39,2019,1.0,6.7,407.0
31913,ts226434,60 Days In: Narcoland,SHOW,TV-14,43,2019,1.0,6.2,74.0
31914,tm461589,Into the Dark: I'm Just F*cking With You,MOVIE,,81,2019,0.0,5.6,724.0
31915,ts87548,Many Sides of Jane,SHOW,TV-14,43,2019,1.0,5.7,186.0
31916,ts269810,Narco Wars,SHOW,TV-14,44,2020,2.0,8.6,203.0
31917,ts229426,Rurangi,SHOW,,20,2020,1.0,7.3,74.0
31918,ts89258,Lost Gold of World War II,SHOW,TV-PG,40,2019,2.0,6.4,383.0
31919,ts190558,Kids Behind Bars: Life or Parole,SHOW,TV-14,43,2019,2.0,6.8,133.0
31920,ts111087,No Man's Land,SHOW,,47,2020,1.0,7.8,3075.0
31921,ts226757,My Little Pony: Pony Life,SHOW,TV-Y7,11,2020,2.0,4.8,434.0
31923,ts87932,The First 48 Presents: Homicide Squad Atlanta,SHOW,TV-14,43,2019,1.0,8.2,263.0
31924,ts189436,Big Food Bucket List,SHOW,,24,2019,2.0,7.7,14.0
31925,ts216501,Drag SOS,SHOW,,47,2019,1.0,8.1,123.0
31926,tm864744,Maybe This Year,MOVIE,,83,2019,0.0,8.5,51.0
31928,tm949632,The Marijuana Conspiracy,MOVIE,,124,2020,0.0,5.6,168.0
31929,ts81010,The Weekly,SHOW,TV-MA,36,2019,1.0,6.7,298.0
31930,ts219536,Phantasy Star Online 2: Episode Oracle,SHOW,,24,2019,1.0,5.9,17.0
31931,ts100341,Cheerleader Generation,SHOW,TV-PG,41,2019,1.0,7.2,52.0
31932,ts252133,Inside Missguided: Made In Manchester,SHOW,,46,2020,1.0,6.2,8.0
31933,ts88988,RobiHachi,SHOW,,24,2019,1.0,5.8,104.0
31934,ts237123,Drug Lords: The Next Generation,SHOW,,43,2020,1.0,8.1,33.0
31935,tm959511,Cheer Camp Killer,MOVIE,,87,2020,0.0,4.8,214.0
31936,ts251004,America: Our Defining Hours,SHOW,TV-14,84,2020,1.0,6.5,15.0
31938,ts230784,Salvage Kings,SHOW,,46,2019,2.0,8.2,68.0
31939,ts228189,Junior Chef Showdown,SHOW,,44,2020,1.0,7.8,15.0
31940,tm502237,London Mitchell's Christmas,MOVIE,,90,2019,0.0,6.4,41.0
31941,ts232556,Two Pink Doors,SHOW,,3,2019,1.0,6.3,65.0
31942,ts220364,Baking It Easy,SHOW,,22,2019,1.0,7.1,15.0
31943,ts265376,Bride & Prejudice: Forbidden Love,SHOW,TV-14,42,2020,1.0,3.7,7.0
31945,ts289343,Daytime Noir,SHOW,,2,2019,1.0,6.5,26.0
31947,ts219127,Activate: The Global Citizen Movement,SHOW,TV-MA,43,2019,1.0,5.1,31.0
31950,ts306133,Superstar,SHOW,,41,2021,1.0,7.3,43.0
31951,ts308565,Judge Steve Harvey,SHOW,,44,2022,1.0,5.0,247.0
31952,ts285272,Rock Solid Builds,SHOW,,44,2021,2.0,9.5,50.0
31953,ts318710,Joe Millionaire: For Richer or Poorer,SHOW,,47,2022,1.0,6.4,158.0
31954,ts260008,Married at First Sight: Unmatchables,SHOW,TV-14,42,2021,1.0,5.3,38.0
31956,ts287626,Dark Side of Football,SHOW,TV-14,44,2021,1.0,5.9,80.0
31958,ts288408,Mike Tyson: The Knockout,SHOW,TV-PG,85,2021,1.0,7.9,256.0
31959,ts320788,Let the World See,SHOW,,33,2022,1.0,8.7,119.0
31960,tm1133268,The Housewife & the Shah Shocker,MOVIE,,48,2021,0.0,4.7,41.0
31961,ts232617,Black Death,SHOW,,5,2021,1.0,7.3,10.0
31962,ts273453,Soul of a Nation,SHOW,TV-PG,41,2021,1.0,4.9,193.0
31963,tm813666,Rising Wolf,MOVIE,,102,2021,0.0,3.5,691.0
31966,ts318346,Peckham's Finest,SHOW,,33,2021,1.0,5.4,12.0
31967,ts276887,Swan Boy,SHOW,,4,2021,1.0,8.4,7.0
31968,ts330888,Roman to the Rescue,SHOW,,24,2021,1.0,7.0,12.0
